,rs544799831,rs139031044,rs1040910557,rs16851055,rs1169288,rs143606172,rs681343,rs6909752,rs1489409043,rs12526453,rs957806852,rs148440657,rs549030369,rs11066320,rs1240973459,rs13266634,rs75659535,rs1836458605,rs553827594,rs746248449,rs1366026976,rs7040398,rs118129783,rs1228340181,rs1270980285,rs1374645,rs575146556,rs558966660,rs952306483,rs202017182,rs147045032,rs4300767,rs2038088868,rs4656762,rs146414871,rs2486194,rs12027110,rs964822490,rs143175221,rs1221576286,rs1255147386,rs7650082,rs6437352,rs1336271235,rs1807560001,rs1374474974,rs923653028,rs1012312954,rs1303267146,rs574142904,rs1705372293,rs2237897,rs749928920,rs1461233836,rs1486832059,rs72525425,rs72658309,rs180349,rs1487975204,rs12898762,rs62437774,rs1667610403,rs890559010,rs1592620796,rs7028426,rs186733697,rs911491672,rs1027606708,rs527590172,rs6729380,rs61941300,rs58760468,rs10048732
107,GG,AA,CC,GG,AC,GG,CT,GG,TT,CG,TT,CC,GG,AG,CC,CT,CC,TT,GG,AA,CC,GA,CC,GG,GG,CC,AA,TT,TT,T*,GG,AA,G*,TT,AA,A*,AA,AA,TT,TT,GG,TG,TG,TT,TT,GG,GG,GG,CC,TT,GG,CC,GG,CTG,G*,CC,TT,*T,CC,AC,GG,AA,CC,AA,CT,TT,AA,AA,GG,GG,TA,GG,TT
152,GG,AA,CC,GG,AC,GG,CT,GG,TT,CC,TT,CC,G*,AG,CC,CC,CC,TT,GG,AA,CC,GG,CC,GG,GG,CC,A*,TT,TT,T*,GG,AG,GG,TC,AA,A*,AT,AA,TT,TT,GG,G*,GG,TT,TT,GG,GG,GG,C*,TC,GG,CC,GG,TGTG,GG,CCTT,TT,AT,CC,CC,GG,AA,CA,AA,CC,TT,AA,AA,GG,GG,TT,GA,CC
159,GG,AA,CC,GG,AC,GG,CT,GA,TT,CG,TT,CC,GG,GG,CC,C*,CC,TT,GG,A*,CC,GA,CC,GG,GG,CC,AA,TT,TT,T*,GG,AA,GG,TT,AA,AA,AT,AA,TT,TT,GG,TT,GG,TT,TT,GG,GG,GG,CC,TT,GG,CT,GG,CGTG,GA,C*,TC,TT,CC,AA,GG,AA,CC,AA,CC,TT,AA,AA,GA,GG,TT,GG,TT
145,GG,AA,CC,GG,AC,GG,CC,GA,TT,CG,TT,CC,GA,AG,CC,CT,CC,TT,GG,A*,CC,GT,CC,GG,GG,CC,A*,TT,T*,T*,GG,AA,GG,TT,AA,A*,AT,AA,TT,TT,GG,GG,GG,TT,TT,GG,GG,GG,CA,TT,GG,CCAG,GG,CTG,G*,CTTCTT,TT,AT,CC,CC,GG,A*,CA,AA,CT,TT,AG,AA,GG,AG,TA,GG,TT
13,GG,AA,CC,GG,AA,GG,CT,GA,TT,CG,TT,CC,GG,GG,CC,CT,CC,TT,GG,AA,CC,GG,CC,GG,GG,C*,AA,TA,TT,T*,GG,AA,GG,TC,AA,AA,AT,AG,TT,TT,GG,TT,GG,TC,TT,GG,GG,GG,C*,T*,GC,CC,GG,TGTG,GG,CCTT,CC,AA,CC,AA,GA,AA,CC,AA,CC,TT,AA,A*,GG,GG,TA,GG,TC
155,GG,AA,CC,GG,AC,GG,CT,GG,TT,CC,TT,CC,GG,AG,CC,CT,CC,TT,GG,AA,CC,GT,CC,GG,GA,CC,A*,TT,TT,T*,GG,AA,GG,CC,AA,AA,AT,AA,TT,TT,GG,TG,TT,TT,TT,GG,GG,GG,CC,TT,GA,CC,GG,TGTG,GG,CCTT,TT,*T,CC,AA,GG,AA,CC,AA,CC,TT,AA,AA,GA,GG,TT,GG,CC
56,GG,AA,CC,GG,AA,GG,CCACA,AA,TT,CC,TT,CC,GG,AG,CC,CT,CC,TT,GG,AA,CC,GT,CC,GG,GG,CC,AA,TT,TT,**,GG,AA,GG,TA,AA,A*,AA,AA,TT,TT,GG,GG,GG,TT,TT,GG,GG,GG,CC,TT,GC,CC,GG,CGTG,GG,CCTT,T*,AA,CC,AC,GG,AA,CC,AA,CT,TT,A*,AT,GG,GG,AA,GG,TT
108,GG,AA,CC,GA,CC,GG,CT,GG,TT,CC,TT,CA,G*,GG,CC,CT,CC,TT,GG,AA,CC,GA,CC,GG,GG,CC,A*,TT,TT,T*,GG,AA,GG,TT,AA,AA,AA,AA,TT,TT,GG,TT,TG,TT,TT,GG,GG,GG,CA,TT,GG,CC,GG,CTG,G*,CTTCTT,TT,TT,CC,AA,GG,AA,CC,AA,CC,TT,AA,AA,GG,GG,TT,GG,TT
40,GG,AA,CC,GG,AA,GG,CT,GG,TT,CC,TT,CC,GG,GG,CC,CT,CC,TT,GG,AA,CC,GG,CC,GG,GG,CT,AA,TT,TT,T*,GG,AA,GG,CC,AA,AA,AA,AA,TT,TT,GG,TT,GG,TT,TT,GG,GG,GA,C*,TC,GG,CC,GG,TGTG,GG,CC,TT,AT,CC,AC,AA,AA,CC,AG,CT,TT,AA,AT,GG,GG,TA,GA,TC
65,GA,AA,CC,GG,AA,GG,CT,GA,TT,CC,TT,CA,G*,AG,CC,CC,CC,TT,G*,AA,CC,GA,CC,GG,GG,CC,A*,TT,TT,T*,GG,AA,G*,TT,AA,AA,AA,AA,TT,TT,GG,GG,GG,TT,TT,GG,GG,GG,CC,TT,CC,CT,GG,CGTG,GG,CC,TT,AT,CC,AA,GG,A*,CC,AG,CC,TT,AA,AA,GG,GG,TT,GG,CC
54,GG,AA,CC,GG,AC,GG,TT,GG,TT,GG,TT,CT,GG,GG,CC,CT,CC,TT,GG,AA,CCAG,GG,CC,GG,GG,CC,AA,TT,TT,TT,AA,AA,G*,TT,AA,A*,AT,AA,TT,TT,GG,TT,GG,TT,TT,GG,GC,GG,CC,TT,GG,CC,GG,TGTG,GG,CTTCTT,TT,AT,CC,AC,GG,AA,CC,AA,CC,TT,AA,AT,GG,GG,TT,GG,TT
k47,GG,AA,CC,GA,AC,GG,TT,AA,TT,CC,TT,CT,GG,GG,CC,*T,CC,TT,GG,AA,CC,GG,CC,GG,GG,CC,AA,TT,TT,T*,GG,AA,GG,TC,AA,A*,AT,AG,TT,TT,GG,TG,GG,TT,TT,GG,GG,GG,CC,TC,GG,CC,GA,TGTG,GG,CC,TT,TT,CC,CC,GA,AC,CC,AA,CC,TT,A*,AA,GG,GG,TT,GG,CC
183,GG,AA,CC,GG,CC,GG,CT,GG,TT,CC,TT,CC,GG,AG,CC,CT,CC,TC,GG,AA,CC,GT,CC,GT,GG,CC,AA,TT,TT,**,GG,AG,GG,TT,AA,AA,AA,AA,TT,TC,GG,GG,GG,TT,TT,GG,GG,GA,CA,TT,GG,CCAG,GG,TGTG,GG,CCTT,TT,AT,CC,AA,GG,AA,CC,AA,CC,TT,AA,AA,GG,GG,TT,GG,TT
153,GG,AA,CC,GG,AACTG,GA,CT,GG,TT,CC,TT,CT,G*,GG,CC,CC,C*,TT,GG,AA,CC,GG,CC,GG,GT,CC,A*,TT,TT,T*,GG,AA,GG,TC,AA,AA,AT,AC,TT,TT,GG,TT,T*,TT,TT,GG,CC,GG,CC,TT,GG,CC,GG,TGTG,GG,CC,TT,AT,CC,AA,GG,AA,CC,AA,CC,TT,AA,AA,GG,GG,TA,GG,TC
128,GG,AA,CC,GA,AC,GG,CT,GA,TT,CC,TA,CC,G*,GG,CC,CC,CC,TT,GG,AA,CC,GA,CC,GG,GG,CC,A*,TT,CC,TT,GG,AA,GG,TT,AA,**,AA,AA,TT,TT,GG,G*,GG,TT,TC,GA,GG,GG,C*,TT,GG,CC,GG,CTG,G*,CC,TT,AA,CC,AA,GG,AA,CA,AG,CC,TT,AA,AA,GG,GG,TA,GG,CC
27,GG,AA,CC,AA,AC,GG,CT,GA,TG,CC,TT,CC,G*,AA,CC,CT,CC,TT,GG,AA,CC,GG,CC,GG,GG,CC,A*,TT,TT,**,GG,AA,GG,TT,AA,AA,AA,AA,TT,TT,GG,GG,GG,TT,TT,GG,GC,GG,CC,TT,GC,CC,GG,CTG,G*,CTTCTT,TT,AA,CC,AA,GG,AA,CC,AA,CC,TT,AA,AA,GG,GG,TT,GA,TT
28,GA,AA,CC,AA,CC,GG,CT,GG,TT,CG,TT,CC,GG,AG,CC,CC,CC,TC,GG,AA,CC,GG,CC,GT,GG,CC,AA,TT,TT,T*,GG,AA,GG,TT,AA,AA,AA,AA,TT,TC,GG,TT,TT,TT,TT,GG,GG,GG,C*,TT,GG,CC,GG,CTG,G*,CTTCTT,TT,AA,CC,AC,GG,AA,CC,AA,CT,TT,AG,A*,GG,GG,TT,GG,TT
32,GG,AA,CC,GG,CC,GGAC,CC,GA,TT,CG,TT,CC,GG,GG,CC,CT,CC,TT,GG,AA,CC,GG,CC,GG,GG,CC,AA,TT,TT,TT,GG,AA,GG,TC,AT,AA,AT,AA,TT,TT,GG,TG,GG,TT,TT,GG,GG,GG,CC,TT,GC,CC,GG,CTG,G*,CCTT,TT,TT,CG,AA,GG,AC,CC,AA,CC,TC,AA,AA,GG,GG,TT,GG,TC
148,GG,A*,CC,AA,AC,GG,CT,GA,TT,CC,TT,CC,GG,AG,CC,CC,CC,TC,GG,AA,CC,GA,CC,GT,GG,CC,AA,TT,TT,T*,GG,AA,GG,TT,AA,AG,TT,AA,TT,TT,GG,TG,GG,TT,TT,GG,GG,GG,CC,TT,GG,CC,GG,TGTG,GG,CTTCTT,TT,TT,CC,AA,GG,AA,CA,AA,CC,TT,A*,AA,GG,GG,TT,GA,TC
127,GG,AA,CC,GG,AC,GG,CC,GG,TT,CC,TT,CC,GG,AA,CC,CC,CC,TT,GG,AA,CCAG,GA,CC,GG,GG,CC,AA,TT,TT,T*,GG,AA,GG,TT,AA,A*,TT,AA,TT,TT,GA,TT,GG,TT,TT,GG,GG,G*,CC,TC,GG,CT,GG,CGCG,GG,CCTT,T*,AT,CC,AA,GG,AA,CC,AA,CC,TT,AA,AA,GG,GG,TT,GG,CC
117,GG,AA,CC,GG,CC,GG,TT,GG,TT,CG,TT,CC,G*,GG,CC,CC,CC,TT,GG,AA,CC,GG,CC,GG,GG,CC,A*,TT,TT,**,GG,AA,GG,TC,AA,A*,AT,AA,TT,TT,GG,TT,GG,TT,TT,GG,GG,GG,CC,TT,GG,CT,GG,TGTG,GG,CCTT,TT,TT,CC,CC,GG,AA,C*,AA,CT,TT,AA,AA,GG,GG,TT,AA,CC
147,GG,AA,CC,GG,AC,GG,TT,GA,TT,CC,TT,CC,GA,AG,CC,CT,CC,TT,GA,AA,CT,GA,CC,GG,GT,CC,AA,TT,TT,T*,TT,AA,GG,TT,AA,A*,AT,AA,TT,TT,GG,GG,GG,TT,TT,GG,GG,GG,CC,TT,GG,CC,GG,TGTG,GG,CC,TT,TT,CC,AA,GA,AA,C*,AA,CC,TT,A*,AA,GG,GG,TT,GG,TC
163,GG,AA,CA,GG,AC,GG,CT,GA,TT,CC,TT,CC,GA,GC,CC,CC,CC,TT,GG,AA,CC,AA,CC,GG,GG,CC,A*,TT,TT,TT,GG,AA,GG,TT,AA,A*,TT,AA,TT,TC,GG,TT,GG,TT,TT,GG,GG,GG,CC,TT,GG,CCAG,GG,TGTG,GG,CTTCTT,TT,TT,CC,AA,GA,AA,CC,AA,CC,TT,AA,AA,GG,GG,TT,GG,CC
126,GG,AA,CC,GA,AA,GG,CT,GA,TT,CC,TT,CC,G*,GG,CC,*T,CC,TT,GG,A*,CC,GA,CC,GG,GG,CC,A*,TT,TT,**,GG,AA,GG,TC,AA,AA,AT,AA,TT,TT,G*,TG,TG,TT,TT,GG,GG,GG,CA,TT,GG,CT,GG,TGTG,GG,CC,TC,TT,CC,AA,GG,AA,CA,AA,CC,TT,AA,AA,GG,GG,TT,GG,CC
151,GG,A*,CC,GG,AA,GG,CC,GA,TT,CC,TA,CA,G*,GG,CC,CC,CC,TT,GG,AA,CC,GG,CC,GG,GG,CC,A*,TTC,TT,T*,GG,AAGT,GG,TC,AA,**,AA,AA,TT,TC,GG,GG,TG,TT,TT,GA,GG,GG,CC,T*,GG,CC,GG,TGTG,GG,CC,TT,*T,CC,AA,GG,AA,CC,AA,CT,TT,AA,A*,GG,GG,TT,GG,TC
43,GG,AA,CC,GG,AA,GG,CC,AA,TT,CC,TT,CC,GG,AG,CC,CC,CC,TT,GG,AA,TT,GA,CC,GG,GG,CC,*C,TT,TT,T*,GG,AG,GG,TT,AA,A*,AA,AA,TT,TT,GG,TG,GG,TT,TT,G*,GG,GA,CC,TT,GG,CC,GG,TGTG,GG,CTTCTT,TT,TT,CC,AA,AT,AA,CC,AG,CC,TT,**,AA,GG,GG,TT,GG,CC
35,GG,AA,CC,GA,AA,GG,CC,GG,TT,CC,TT,CC,G*,GG,CC,CC,GG,TT,GG,AA,CC,GG,CC,GG,GG,CC,A*,TT,TT,T*,GG,AA,GG,TT,AA,AA,T*,AA,TT,TT,GG,GG,GG,TT,TT,GG,GG,GG,CC,TT,GC,CC,GG,TGTG,GG,CC,T*,TT,CC,AA,GG,AA,CA,AA,CC,TT,AG,AA,GG,GG,TT,GA,TC
116,GG,AA,CC,GG,AC,GG,CT,GG,TT,CG,TT,CC,GG,GG,C*,CC,CC,TC,GG,AA,CC,GT,CC,GT,GG,CC,AA,TT,TT,TT,GG,AA,GG,TT,AA,A*,AA,AA,TT,TT,GG,TG,TT,TT,TT,GG,GG,GG,CC,TT,GC,CC,GG,TGTG,GG,CTTCTT,TT,AA,CC,AC,GG,AA,CC,AA,CC,TT,AA,AT,GG,GG,TT,GG,TC
23,GG,AA,CC,GA,AA,GG,TT,GA,TT,CC,TT,CC,G*,AA,CC,CT,CC,TT,GG,AA,CC,GA,CC,GG,GG,CT,A*,TT,TT,TT,GG,AA,GG,TT,AA,AA,AA,AG,TT,TC,GG,TT,GG,TT,TT,GG,GG,GG,CC,TT,GG,TT,GG,TGTG,GG,CCTT,TT,AA,CC,AC,GG,AA,CC,AA,CC,TT,AA,AA,GG,GG,TT,GG,TT
53,GG,AA,CC,GG,CC,GG,CT,GG,TT,CG,TT,CA,GG,GG,CC,CT,CC,TT,GG,AA,CC,GA,CC,GG,GG,CC,AA,TT,TT,TT,GG,AA,GG,CC,AA,A*,AT,AA,TT,TT,GG,GG,GG,TT,TT,GG,GG,GG,CC,T*,GG,CC,GG,TGTG,GG,CTTCTT,TT,TT,CC,AA,GG,AA,CC,AA,CACACACA,TT,AA,AA,GG,GG,TT,GG,CC
34,GG,AA,CC,GG,AC,GG,CT,GG,TT,CC,TT,CC,GG,GG,CC,CC,CC,TT,GG,AA,CT,AT,CT,GG,GG,CC,AA,TT,TT,TT,GG,AA,GG,TC,AA,AA,AT,AA,TT,TT,GG,TG,GG,TT,TT,GG,GG,GG,CC,CC,GG,CC,GT,TGTG,GG,CCTT,T*,AA,CT,CC,GG,AA,CC,AA,TT,TT,AA,AA,GG,GG,TT,GA,TT
115,GG,AA,CC,GG,CC,GG,CC,GG,TT,GG,TT,CT,GG,GG,CC,CT,CC,TT,GG,AG,CC,GG,CC,GG,GG,CC,AA,TT,TT,TT,GG,AA,GG,TT,AA,AA,AA,AA,TT,TT,GG,GG,TT,TT,TT,GG,GG,GG,CA,TT,GG,CC,GG,TGTG,GG,CTTCTT,TT,TT,CC,AA,GG,AA,A*,AA,CC,TT,AA,**,GG,GG,TT,GG,CC
143,GG,AA,CC,GA,AC,GG,CT,GA,TT,CC,TT,CT,G*,GG,CC,CC,CC,TC,GG,**,CC,GG,CC,GT,GA,CC,A*,TT,TT,T*,GG,AA,GG,TT,AA,A*,TT,AA,TT,TT,GG,TG,TG,TT,TT,GG,GG,GG,CC,TT,GC,CC,GG,CTG,G*,CCTT,TT,TT,CC,AA,GG,AA,CC,AA,CC,TT,AA,AA,GG,GG,TA,GA,TT
54k,GG,AA,CC,GG,CC,GG,CC,GG,TT,GG,TT,CC,G*,AG,CC,CC,CC,TT,GG,AA,CC,GT,CC,GG,GG,CC,A*,TT,TT,TT,GG,AA,GG,CC,AA,AA,TT,AA,TT,TC,GG,T*,TT,TT,TT,GG,GG,GG,C*,TT,GC,CT,GG,CTG,GA,**,TT,TT,CC,AA,GG,AA,CA,AA,CC,TT,AG,AA,GG,GG,TT,GG,TC
30,GG,AA,CC,GG,CC,GG,CC,GA,TT,CC,TT,CC,GA,AA,CC,CT,CC,TT,GG,A*,CC,GT,CC,GG,GG,CC,AA,TT,TT,**,GG,AA,GA,TT,AA,**,TT,AA,TC,TC,GG,GG,TG,TT,TT,G*,GG,GG,CC,TT,GG,CC,GG,TGTG,GG,CCTT,TC,AA,CC,CC,GT,AA,CC,AA,CT,TT,AA,AA,GG,GG,TT,GG,CC
136,GG,AA,CC,GG,AC,GG,CC,GG,TT,CG,TT,CC,GG,AG,CC,TT,CC,TT,GG,AA,CC,GG,CC,GG,GT,CC,AA,TT,TT,T*,GG,AA,GG,TT,AA,AA,AT,AG,**,**,GG,GG,TG,TT,TT,GG,**,GG,CA,TT,GG,CC,GG,CTG,G*,CTTCTT,TT,A*,CC,CC,GG,AA,AA,AA,CCACA,TT,AA,AA,GG,GG,TT,GG,TT
103,GG,AA,CC,AA,AA,GG,CC,GG,TT,CG,TT,CC,GG,GG,CC,CC,CC,TT,GG,AA,CC,GA,CC,GG,GT,CC,AA,TT,TT,T*,GG,AA,GG,TT,AA,AA,T*,AA,TT,TT,GG,GG,TT,TT,TT,GG,GG,GG,CC,TC,GG,CC,GG,TGTG,GG,**,TT,TT,CC,CC,GA,AA,CC,AA,CC,TT,AG,AA,GG,GG,TT,GA,TC
140,GG,AA,CC,GG,AC,GG,CT,AA,TT,CC,TT,CC,G*,AG,CC,CC,CG,TT,GG,AA,CC,GA,CC,GG,GG,CC,A*,TT,TT,TT,GG,AA,GG,TT,AA,**,AT,AA,TT,TT,GG,GG,GG,TT,TT,GG,GG,GG,CC,TT,GG,CC,GG,TGTG,GG,CTTCTT,TT,TT,CC,AC,GG,AA,CC,AA,CC,TT,AA,A*,GG,GG,TT,GG,CC
9k,GG,AA,CC,GG,AA,GG,TT,GG,TT,CCAG,TT,CT,GG,AG,CC,CC,CC,TT,GG,AA,CC,GA,CC,GG,GT,CC,AA,TT,TT,**,GG,GG,GG,TT,AA,AA,AT,AA,TT,TT,GG,TT,GG,TG,TT,GG,GG,G*,C*,TT,GG,CCAG,GG,TGTG,GG,CC,T*,TT,CC,AA,AA,AA,CC,AA,CC,TT,AA,AA,GG,GG,TT,GA,TC
112,GG,AA,CC,GG,AC,GGAC,TT,GA,TT,CC,TT,CC,GG,GG,CC,CT,CC,TT,GG,AA,CC,GA,CC,GG,GG,CC,AA,TT,TT,TT,GG,AA,GG,TT,AA,A*,AA,AC,TT,TT,GG,TG,TG,TT,TT,GG,GG,GG,CC,TT,GA,CT,GG,TGTG,GG,CC,TT,AT,CC,AC,GG,AA,C*,AA,CCACA,TT,AA,AA,GG,GG,TT,GG,TT
203,GG,AA,CC,GG,AC,GG,TT,GG,TT,GG,TT,CT,GG,GG,CC,CC,CC,TT,GG,AA,CC,GG,CC,GG,GG,CC,AA,TT,TT,TT,GG,GG,GG,TC,AA,A*,AA,AA,TT,TT,GG,GG,TG,TT,TT,GG,GG,GG,C*,TT,GG,CC,GG,TGTG,GG,CC,TT,AA,CC,AA,GG,AA,CC,AA,TT,TTCTTC,AA,AA,GG,GG,TT,GG,TA
138,GG,AA,CC,GG,CC,GG,CT,GA,TT,CC,TT,CC,GG,GG,CC,CC,CC,TT,GG,AA,CC,GA,CC,GG,GT,CC,AA,TT,T*,TT,GG,AA,GG,CC,AA,A*,TT,AA,TT,TT,GG,T*,TT,TT,TT,GG,GG,GG,CC,TT,GC,CC,GG,TGTG,GG,CC,TT,TT,CC,AA,GA,AA,CC,AA,CC,TT,AA,AA,GG,GG,TT,GG,TT
156,GG,AA,CC,GG,CC,GG,CC,GA,TT,CC,TT,CT,GG,GG,CC,CT,CC,TT,GG,**,CC,GA,CC,GG,GG,CC,AA,TA,TT,TT,GG,AA,AA,TT,AA,A*,AT,AA,TT,TT,GG,T*,GG,TT,TT,GG,GG,GG,CC,TT,GG,CC,GA,TGTG,GG,CC,TT,AA,CC,AC,GT,AA,CC,AA,CC,TT,A*,A*,GG,GG,TT,GG,TC
9,GG,AA,CC,GA,CC,GG,CC,GA,TT,GG,TT,CC,GG,GG,CC,**,CC,TT,GG,A*,CC,GA,C*,GG,GG,CC,AA,TT,TT,T*,GG,AA,GG,TT,AG,A*,TT,AA,TT,TT,GG,TG,GG,TT,TT,GG,GG,GG,CC,TT,GC,CC,GG,CGCG,GG,CC,TT,AT,CC,AA,GG,AA,CC,AA,CC,TT,GG,AA,GG,GG,TT,GG,TT
58,GG,AA,CC,GG,AC,GG,CC,GG,TG,CC,TT,CC,GG,AG,CC,CC,CG,TT,GG,AA,CC,GA,CC,GG,GT,C*,AA,TT,TT,T*,GG,AA,GG,CA,AA,AA,AT,AA,TT,TT,GG,TG,GG,TT,TT,GA,GG,GG,CC,TC,GG,CC,GG,TGTG,GG,CC,TT,A*,CC,AC,GT,AA,CC,AA,CC,TT,AA,**,GG,GG,TT,AA,TC
64,GG,AA,CC,GA,AACTG,GG,CC,GA,TT,CC,TT,CT,GG,GG,C*,CT,CC,TT,GG,AA,CC,GA,CC,GG,GG,TT,AA,TT,TT,TT,GG,AA,GG,TT,AA,**,AA,AA,TT,TT,GG,TT,TT,TC,TT,GG,GG,GG,CC,TT,GG,CT,GG,TGTG,GG,CC,TT,AA,CC,AC,GG,AA,CC,AA,CCACA,TT,AA,AA,GG,GG,TT,GA,TT
62,GG,AA,CC,GG,AA,GGAC,CT,GG,TT,CC,TT,CC,GG,GG,CC,CT,CC,TT,GG,AA,CC,GA,CC,GG,GG,CC,AA,TT,TT,T*,GG,AA,GG,TT,AA,AA,AT,AA,TT,TT,GG,TG,GG,TG,TT,GG,GC,GG,CC,TT,GG,CC,GG,TGTG,GG,CTTCTT,TT,AA,CC,AA,GG,AA,CA,AA,CC,TT,AA,AA,GGT,GG,TT,GG,TC
19,GG,AA,CC,GG,AC,GG,CC,GG,TT,CG,TT,CC,G*,AG,CT,CC,CC,TT,GG,AA,CT,GG,CC,GG,GG,CC,A*,TT,TT,T*,GG,AG,GG,TT,AA,AA,AA,AA,TT,TT,GG,GG,GG,TT,TT,GG,GG,GG,CC,TT,GC,CT,GG,TGTG,GG,**,TT,TT,CC,AA,AA,AA,CC,AA,CC,TT,AA,AA,GG,GG,TT,GG,TT
36,GG,AA,CC,GA,AC,GG,TT,GG,TT,CC,TT,CC,G*,AG,CC,CC,CG,TT,GG,AA,CC,GT,CC,GG,GT,CC,A*,TT,TT,T*,GG,AA,G*,TT,AA,AA,TT,AA,TT,TT,GG,GG,GG,TT,TT,GG,GG,GG,CC,T*,GG,CC,GG,TGTG,GG,CCTT,CC,AT,CC,AA,GT,AA,CC,AA,CC,TT,AA,AA,GG,GG,TT,GA,TC
59,GG,AA,CC,GG,AC,GG,CC,GA,TT,CG,TT,CC,GG,GG,CC,CC,CC,TT,GG,AA,CC,GA,CC,GG,GG,CC,A*,TT,TT,T*,GG,AA,GG,TT,AA,A*,AA,AA,TT,TT,GG,TG,T*,TT,TT,GG,GG,GG,CC,TT,GG,CT,GG,CGTG,GA,CCTT,TT,AT,CC,AA,GG,AA,CC,AG,CC,TT,AA,AA,GG,GG,TT,GG,CC
68k,GG,AA,CC,GG,AC,GG,CT,GA,TT,CG,TT,CC,GG,GC,CT,TT,CC,TT,GG,AA,CC,GA,CC,GG,GG,CC,AA,TT,TT,T*,GG,AA,GG,TC,AA,AA,TT,AA,TT,TT,GG,TT,GG,TG,TT,GG,GG,GG,CC,TT,GG,CC,GG,CTG,G*,CC,TT,AT,CC,AC,GG,AA,CC,AA,CC,TT,A*,AA,GGT,GG,TT,GG,CC
22,GG,AA,CC,GG,CC,GG,TT,GG,TT,CG,TT,CC,GG,GG,CC,CT,CC,TT,GG,AG,CC,AA,CC,GG,GG,CC,AA,TT,TT,T*,GG,AA,GG,TT,AA,AA,AA,AA,TT,TC,G*,TT,GG,TT,TT,GG,GG,GG,CC,TT,GG,CT,GG,CTG,GA,CC,TT,TT,CC,AC,GG,AA,CA,AA,CC,TT,AA,AA,GG,GG,TT,AA,TT
44,GG,AA,CC,GA,AC,GG,TT,GA,TT,CC,TT,CC,G*,GG,CC,CC,CC,TT,GG,AA,CC,GG,CC,GG,TT,CC,A*,AA,TT,TT,GG,AA,GG,TT,AA,A*,TT,AG,TT,TT,GG,TT,GG,TC,TT,GG,GG,GG,CC,TT,GG,CC,GG,TGTG,GG,CCTT,TC,AT,CC,AA,GA,AC,CC,AA,CC,TT,AA,AA,GG,GG,TT,GG,TC
198,GG,AA,CC,GG,AA,GG,TT,GG,TT,GG,TT,CC,GG,GG,CC,CC,CC,TT,GG,AA,CC,AA,CC,GG,GG,CC,AA,TT,TT,TT,GG,AA,GG,TT,AA,A*,TT,AA,TT,TT,G*,TG,GG,TT,TT,GG,GG,GG,CC,TT,GG,CT,GG,TGTG,GG,CCTT,TT,AT,CC,AC,GA,AA,CC,AA,CC,TT,AA,AA,GG,GG,TT,GG,CC
13k,GG,AA,CC,GG,AA,GG,CC,GG,TT,CC,TT,CC,GG,AA,CC,CC,CC,TT,GG,AA,CC,GA,CC,GG,GG,CC,AA,TT,TT,T*,GG,AA,GG,TA,AA,AA,AT,AA,TT,TT,GG,TT,TG,TT,TT,GG,GG,GG,CC,TT,GG,CC,GG,TGTG,GG,CCTT,TT,AA,CC,CC,GA,AA,CC,AA,CC,TT,AA,AA,GG,GG,TT,GG,CC
10k,GG,AA,CC,GG,AC,GG,CC,AA,TT,CC,TT,CC,GA,GG,CT,TT,CC,TT,GG,AA,CC,GA,CC,GG,GG,CC,AA,TT,TT,TT,GG,AA,GA,CC,AA,A*,TT,AA,TT,TT,GG,TG,GG,TT,TT,GG,GG,GG,CC,TT,GG,CC,GG,CGTG,GG,CTTCTT,TT,TT,CC,AA,GG,AA,CA,AA,TT,TT,A*,AA,GG,GG,TT,GG,TC
120,GG,AA,CC,GG,CC,GG,CC,GG,TT,CG,TT,CC,G*,AG,CC,CC,CC,TT,GG,AA,CC,GT,CC,GG,GG,CC,**,TT,TT,**,GG,AA,GG,TT,AA,**,AT,AA,TT,TT,GG,GG,GG,TT,TT,GA,GG,GG,C*,TT,GG,CC,GA,CTG,G*,CCTT,TC,AT,CC,AA,GG,AA,C*,AA,CC,TTTC,AA,AA,GG,GG,TT,GG,TT
160,GG,AA,CC,GG,AA,GG,TT,GG,TT,CG,TT,CC,GG,GG,CC,C*,CC,TT,GG,A*,CC,GT,CC,GG,GG,CC,AA,TT,TT,TT,GG,AA,GG,TC,AA,AA,AA,AA,TT,TT,GG,TT,GG,TT,TT,GG,GG,GG,C*,TT,GG,CC,GG,TGTG,GG,CTTCTT,TT,TT,CC,AC,GG,AA,CC,AA,CC,TT,AG,AA,GG,GG,TT,GG,TC
13kar,GG,AA,CC,GG,AC,GG,CT,GA,TT,CG,TT,CC,GG,GG,CC,CT,CC,TT,GG,AA,CC,GT,CC,GG,GG,CC,AA,TT,TT,T*,GG,AG,GG,TT,AA,AA,AA,AA,TT,TT,GG,TT,GG,TT,TT,GG,GG,GG,CC,TT,GG,CC,GG,TGTG,GG,CCTT,TT,TT,CC,AC,GG,AA,CC,AA,CC,TT,A*,AA,GG,GG,TT,GG,TT
149,GG,AA,CC,GGACA,AC,GG,CT,GA,TT,CC,TT,CC,GA,GG,CC,CC,CC,TT,GG,AA,CC,AT,CC,GG,GG,CC,A*,TT,TT,**,GG,AA,GG,TT,AA,AA,AA,AA,TT,TC,G*,GG,GG,TT,TT,GG,GG,GG,CC,TT,GG,CC,GG,TGTG,GG,CC,TT,TT,CG,AA,GG,AA,CA,AA,CC,TT,AA,AA,GG,GG,TT,GA,TT
46,GG,AA,CC,GG,CC,GG,TT,GT,TT,CC,TT,CC,G*,AG,CC,CC,CG,TT,GG,AA,CC,GA,CC,GG,GG,CC,A*,TT,TT,T*,GG,AA,GG,TC,AA,AA,AT,AA,TT,TT,GG,GG,GG,TC,TT,GG,GC,GG,CC,TT,GG,CT,GG,CGTG,GG,C*,**,AT,CC,AA,AA,AC,CC,AA,CC,TT,AA,AA,GG,GG,TT,GG,TT
29,GG,AA,CC,GG,AA,GG,CC,AA,TT,CG,TT,CC,GG,GG,C*,CC,CC,TT,GG,AA,CC,GA,CC,GG,GG,CC,AA,TT,TT,T*,GG,AA,G*,CC,AA,AA,TT,AA,TC,TT,GG,TG,GG,TT,TT,GG,GG,GG,CC,T*,GG,CC,GG,TGTG,GG,CC,TT,AT,CC,AC,GG,AA,CC,AA,CC,TT,AA,AA,GG,GG,TT,GG,TC
157,GG,AG,CC,GG,AC,GG,CT,GG,TT,CC,TT,CC,GG,AG,CC,CC,CC,TT,GG,AA,CC,GA,CC,GG,GG,CC,AA,TT,TT,*TTA,GG,AA,GG,TT,AA,AA,TT,AG,TT,TT,GG,TT,GG,TT,TC,GG,GG,G*,CC,TT,GC,CC,GG,TGTG,GG,CTTCTT,TT,TT,CC,AA,GG,AA,CC,AA,CT,TT,**,AA,GG,GG,TT,GA,TC
63k,GG,AA,C*,GA,AA,GG,CC,GG,TT,CC,TT,CC,GG,AA,CC,CT,CC,TT,GG,AA,CC,GA,CC,GG,GG,CC,AA,TT,TT,TT,GG,AA,GG,TT,AA,AA,AA,AA,TT,TT,GG,TG,GG,TT,AA,GG,GG,GG,CC,TT,GG,CC,GG,TGTG,GG,CC,TT,TT,CC,AA,GG,AA,CC,AA,CT,TT,A*,AA,GG,GG,TT,GG,CC
20k,GG,AA,CC,GA,AC,GG,CT,GG,TG,CC,TT,CC,GA,AG,CC,CC,CC,TT,GG,AA,CC,GA,CC,GG,GG,CC,AA,TT,TT,TTTA,GG,AA,GG,TT,AA,AA,TT,AA,TT,TT,GG,TG,TT,TT,TT,GG,GG,GG,CC,TT,GG,CT,GG,TGTG,GG,CTTCTT,TT,TT,CC,AA,GG,AA,CC,AA,CC,TT,AA,AA,GGT,GG,TT,GG,TT
118,GG,AA,CC,GG,CC,GG,CC,GG,TT,GG,TT,CA,GG,GC,CC,*T,CC,TT,GG,A*,CC,GG,CC,GG,GG,CC,AA,TT,TT,T*,GG,AA,GG,TT,AA,AA,AA,AA,TT,TT,GG,TT,TG,TT,TT,GG,GG,GG,CC,TT,GG,CC,GG,CTG,G*,CC,TT,TT,CC,AA,GG,AA,CC,AA,CC,TT,AA,AA,GG,GG,TT,GG,TT
199,G*,AA,CC,GG,AC,GG,CC,GG,TT,CC,TT,CC,GA,GG,CC,CC,CC,TT,GG,AA,CC,GA,CC,GG,GG,CC,A*,TT,TT,TT,GG,AA,GG,TA,AA,AA,AT,AA,TT,TT,GG,GG,GG,TT,TT,GG,GC,GG,CC,TT,GG,CCAG,GG,CGC,G*,CCTT,TT,TT,CC,AA,GA,AA,CC,AA,CC,TT,AA,AA,GG,GG,TT,GA,CC
23k,GG,AA,CC,GG,AC,GG,CT,GA,TG,CG,TT,CC,GG,AA,CT,CC,CC,TT,GG,AA,CC,GT,CC,GG,GG,CC,AA,TT,TT,TT,GG,AA,GG,TT,AA,A*,AA,AA,TT,TT,GG,TT,TT,TT,TT,GG,GG,GG,CC,TT,GG,CT,GG,TGTG,GG,CC,TT,AT,CC,AA,GG,AA,CC,AA,TT,TT,AA,AA,GG,GG,TT,GG,TC
37,GG,AA,CC,GG,AA,GG,CCACA,GG,TT,CG,TT,CC,GG,AG,CC,C*,C*,TT,GG,A*,CC,GA,CC,GG,GG,CC,AA,TT,TT,TT,GG,AA,GG,TT,AA,AA,AA,AA,T*,T*,GG,G*,T*,TT,TA,GA,G*,GG,C*,TT,GG,CT,GG,TGTG,GG,CCTT,TT,AT,CC,AC,GG,AA,CA,AA,CC,TC,GG,**,GG,GG,TT,GG,CC
176,GG,AA,CC,GG,AC,GG,CC,GT,TT,CC,TT,CC,GG,AA,CC,CT,CC,TT,GG,AA,CC,AA,CC,GG,GG,CC,AA,TA,TT,TT,GG,AA,GG,TT,AA,AA,TT,AA,TT,TT,GA,T*,TT,TT,TT,GG,GG,GG,CC,TT,GG,CC,GG,TGTG,GG,CC,TT,AA,CC,AA,GG,AA,CC,AA,TT,TT,AA,AA,GG,GG,TT,GT,TC
53k,GG,AA,CA,GG,AA,GG,TT,GG,TT,GG,TT,CC,GG,GC,CC,**,CC,TC,GG,AA,CC,GG,CC,GT,GG,CC,AA,TT,TT,**,GG,AA,GA,TC,AA,A*,AA,AA,TT,TT,GG,TT,T*,TT,TT,GG,GG,GG,CC,TT,GG,CC,GG,TGTG,GG,CTTCTT,TT,TT,CC,AA,GG,AA,CC,AA,CC,TT,AA,AA,GG,GG,TT,GG,TC
186,GG,AA,CC,GG,AC,GG,CC,GA,TT,CC,TT,CC,GG,AG,CT,CT,CC,TT,GA,AA,CC,GG,CC,GG,GG,CC,AA,TT,TC,TT,GG,AA,GG,TT,AA,AA,AA,AA,TT,TT,GG,T*,TT,TT,TT,GG,GG,GG,CC,TT,GG,CC,GT,CGTG,GA,CC,TT,TT,CC,CT,GG,AA,CC,AA,CC,TT,AA,AA,GG,GG,TT,GA,CC
72k,GG,AA,CC,GG,AC,GG,CT,GG,TT,CC,TT,CC,G*,GG,CC,CT,CC,TT,GG,AA,CC,GA,CC,GG,GG,CC,A*,TT,TT,T*,GG,AA,GG,TT,AA,AA,AA,AA,TT,TT,GG,GG,T*,TT,TT,GG,GC,GG,CC,TT,GG,CC,GG,TGTG,GG,CC,TC,AA,CC,AA,GA,AA,CC,AA,CC,TT,AA,AA,GG,GG,TT,GG,TT
182,GG,AA,CC,GG,AC,GG,CC,GG,TG,CC,TT,CT,GG,GG,CC,CC,CC,TT,GG,AA,CC,GA,CC,GG,GA,CC,AA,TTC,TT,TT,GG,AA,GG,TT,AA,AA,AT,AA,TT,TT,GG,TT,GG,TT,TT,GG,GG,GG,C*,TT,GG,CC,GG,TGTG,GG,CTTCTT,T*,AT,GG,AC,GA,AA,CC,AA,CC,TT,AA,A*,GGT,GG,TT,GG,TT
114,GG,AA,CC,GG,AC,GG,CC,GA,TT,CC,TT,CC,G*,GG,CC,CT,C*,TT,GG,AA,CCAG,GA,CC,GG,GG,CC,**,TA,TT,**,GG,AA,GG,TC,AA,**,AT,AA,TT,TT,GG,GG,T*,TT,TT,GG,GG,GA,CA,TT,GG,CC,AA,TGTG,GG,C*,TT,AA,CC,AA,GG,AA,CC,AA,CT,TT,AA,A*,GG,GG,TA,AA,TT
201,GG,AA,CC,GA,AC,GG,CC,GG,T*,CC,TT,CC,GG,GG,CC,CC,CG,TT,GG,AA,CC,GA,CC,GG,GT,CC,AA,TT,TT,**,GG,AA,GG,TC,AA,A*,AT,AA,TT,TT,GG,TT,GG,TT,TT,GG,GG,G*,CA,TT,GG,CC,GG,TGTG,GG,CC,TT,TT,CC,AA,GG,AA,CC,AA,CC,TT,AA,AA,GA,GG,TT,GG,TT
119,GG,AA,CC,GG,AC,GG,CT,GG,TT,CC,TT,CC,GG,AA,CC,TT,CC,TT,GG,AA,CC,GG,CC,GG,GG,CC,AA,TT,TT,T*,GG,GG,GG,TT,AA,AA,AA,AA,TT,TT,GG,GG,GG,TT,TT,GG,GG,GG,CC,TT,GG,CC,GG,TGTG,GG,CTTCTT,TT,TT,CC,AA,GG,AA,CC,AA,CT,TT,AA,A*,GG,GG,TT,GG,TC
168,GG,AA,CC,AA,AA,GA,CC,AA,TT,CC,TT,CC,GG,AA,CC,TT,CC,TT,GG,AA,CC,GG,CC,GG,GG,CC,AA,TT,TT,**,GG,GG,GG,TT,AA,A*,AT,AA,TT,TT,GG,TG,TG,TT,TT,GG,GG,GG,CC,TT,GG,CC,GG,TGTG,GG,CC,TT,AT,CC,AA,GG,AA,CC,AA,CC,TT,AA,AA,GG,GG,TT,GA,TC
66,G*,AA,CC,GG,CC,GG,TT,GA,TT,CC,TT,CC,G*,AG,CC,CC,CC,TT,GG,AA,CC,GA,CC,GG,GG,CC,A*,TT,TT,T*,GG,AA,GA,TT,AA,AG,TT,AA,TT,TT,GG,TT,TG,TT,TT,GG,GG,GG,CC,TT,GG,CC,GG,TGTG,GG,CC,TT,TT,CC,AA,GA,AA,CC,AA,CC,TT,AA,AT,GG,GG,TT,GG,TC
40k,GG,AA,CC,GG,AA,GG,TT,GA,TT,CC,TT,CC,G*,AG,CC,CT,CC,TT,GG,AA,CC,GT,CC,GG,GG,CC,A*,TT,TT,T*,GG,AA,GG,TT,AA,AG,TT,AA,TT,TT,GG,TT,GG,TT,TT,GG,GG,GG,CC,TT,GG,CC,GG,TGTG,GG,CCTT,TT,AA,CC,AT,GG,AA,CC,AA,CCACA,TT,AG,A*,GGT,GG,TT,GG,TT
41,GG,AA,CC,GG,AC,GG,CC,GG,TT,CG,TA,CC,G*,GG,C*,CC,CC,TT,GG,AA,CC,GG,CC,GG,GT,CC,A*,TA,TT,TT,GG,GG,GG,CC,AA,A*,TT,AA,TT,TT,GG,TT,GG,TT,TT,GG,GG,GG,CC,**,GG,CC,GA,TGTG,GG,CTTCTT,TT,AT,CC,AC,GG,AA,CC,AA,CCACA,TT,AA,AT,GG,GG,TT,GG,TT
113,GG,AA,CC,GG,CC,GG,CT,GG,TT,CC,TT,CC,GG,GG,CC,TT,CC,TT,GG,AA,CC,GG,CC,GG,GG,CC,AA,TT,TT,**,GG,AA,GG,TT,AA,**,AT,AA,TT,TT,GG,GG,GG,TT,TT,GG,GG,GG,CC,TT,GG,CC,GG,TGTG,GG,CC,TT,AA,CC,AC,GG,AA,CA,AA,CC,TT,AA,AA,GG,GG,TT,GG,CC
202,GG,AA,CC,GG,CC,GA,TT,GG,T*,CC,TT,CC,GG,AG,CC,CT,CC,TT,GG,AA,CC,GG,CC,GG,GG,CC,AA,TT,TT,TT,GG,AA,GG,TT,AA,AA,TT,AA,TT,TT,GG,TT,T*,TT,TT,GG,GG,GG,CC,TT,GG,CC,GG,TGTG,GG,CTTCTT,TT,AT,CC,AA,GG,AA,CA,AA,CC,TT,A*,AA,GG,GG,TT,GG,TT
11,GG,AA,CC,GG,CC,GA,TT,GG,T*,CC,TT,CC,G*,AA,CC,CT,CC,TT,GG,AA,CC,GA,CC,GG,GA,CT,A*,TT,TT,TT,GG,AG,GG,TC,AA,AA,TT,AA,TT,TT,GG,TG,TG,TT,TT,GG,GG,GG,CC,TC,GC,CC,GG,CGTG,GA,CC,TT,TT,CC,AA,GG,AA,CC,AA,CC,TT,AA,AA,GG,GG,TT,GA,CC
42,GG,AA,CC,GG,AA,GG,TT,GA,TT,CC,TT,CC,GG,AG,CC,C*,CC,TT,GG,A*,CC,GG,CC,GG,GG,CC,AA,TT,TC,TT,GG,AA,G*,TT,AA,A*,AT,AA,TT,TT,GG,GG,GG,TT,TT,GG,GG,GG,CC,TT,GG,CC,GG,TGTG,GG,CC,TC,AT,CC,AA,AA,AA,CC,AA,CC,TT,AA,AA,GG,GG,TT,GG,TT
121,GG,AA,CC,GG,CACTG,GG,TCACA,GA,TT,CC,TT,CC,G*,GG,CC,TT,CC,TT,GG,AA,CC,GA,CC,GG,GT,CC,A*,TT,TT,TT,GG,AA,GG,TC,AA,AA,A*,AG,TT,TT,GG,TT,TT,TT,TT,GG,GG,GG,CC,TC,GG,CC,GG,TGTG,GG,CC,TT,AA,CC,AC,GG,AA,CC,AA,CC,TT,AA,AA,GG,GG,TT,GG,TT
72,GG,AA,CC,GG,CC,GG,CCACA,GA,TT,CC,TT,CT,GG,AG,CC,CC,CC,TT,GG,AA,CC,GG,CC,GG,GG,CC,AA,TT,TT,TT,GG,AA,GG,TT,AA,A*,AA,AA,TT,TT,GG,TG,GG,TT,TT,GG,GG,GG,CC,TT,GG,TCAG,GG,CGTG,GG,CC,TT,TT,CC,AC,TT,AA,CC,AA,CC,TT,AA,AA,GG,GG,TT,GG,TT
177,GG,AA,CC,GG,AC,GG,CT,GG,TT,CC,TT,CC,**,GG,CC,CC,CC,TT,GG,AA,CC,GT,CC,GG,GG,CC,**,TT,TT,TT,GG,AA,GG,TT,AA,AA,AA,AG,TT,TT,GG,T*,GG,TT,TT,GG,GC,GG,CC,TT,GG,CC,GG,TGTG,GG,CC,TT,TT,CC,AC,GG,AA,CC,AA,CC,TT,AA,AA,GG,*G,TT,GA,TT
67,GG,AA,CC,GG,AA,GG,CCACA,GA,TT,CC,TT,CC,GG,GG,CC,CC,CC,TT,GG,AA,CC,GG,CC,GG,GG,CC,AA,TT,TT,TT,GG,AA,GG,TT,AA,AA,AT,AA,TT,TT,GG,TT,GG,TT,TT,GG,GG,GG,CC,TT,GG,TT,GG,TGTG,GG,CCTT,TT,TT,CC,AA,GG,AA,CC,AA,CC,TT,AG,AA,GG,GG,TT,GG,TC
101,GG,AA,CC,GG,AA,GG,TT,GA,TT,CC,TT,CC,GG,GG,C*,CC,CC,TT,GG,AA,CC,GT,CC,GG,GA,CC,AA,TT,TT,TT,GG,AA,GG,TT,AA,A*,TT,AA,TT,TT,GG,TT,GG,TG,TT,GG,GG,GG,CC,TT,GG,TT,GG,CGC,G*,CTTCTT,TT,*T,CC,AC,GG,AA,CC,AA,CCACA,TT,A*,AA,GG,GG,TT,GG,TT
k50,GG,AA,CC,GA,AC,GGAC,CC,GG,TT,CC,TT,CC,GG,AG,CC,CC,CC,TT,GG,AA,CC,GG,CC,GG,GG,CC,AA,TTC,TT,T*,GA,AA,GG,TT,AA,AA,AA,AA,TT,TT,GG,TT,TG,TT,TT,GG,GG,GG,CC,TT,GG,CC,GG,TGTG,GG,CC,TT,AA,CC,AC,GG,AA,CC,AA,CC,TT,AA,AA,GG,GG,TT,GG,TT
64kar,GG,AA,CC,GA,AA,GG,CC,GG,TT,CC,TT,CC,GG,AA,CC,CC,CC,TT,GG,AA,CC,GG,CC,GG,GA,CC,AA,TT,TT,T*,GG,AA,GG,TT,AA,A*,TT,AA,TT,TT,GG,TT,GG,TT,TT,GA,GG,GG,CC,TT,GG,CCAG,GG,TGTG,GG,CC,TT,TT,CC,AC,GA,A*,CC,AA,CT,TT,AA,AA,GG,GG,TT,AA,TC
17,GG,AA,CC,GG,AA,GG,CT,AA,TT,GG,TT,CC,GG,AG,CC,CC,CC,TT,GG,AA,CC,GG,CC,GG,GG,CC,AA,TT,TT,T*,GG,AA,GG,CC,AA,AA,TT,AA,TT,TT,GG,GG,GG,TT,TT,GG,GG,GG,C*,TT,GG,CC,GG,CTG,GA,C*,TT,AA,CC,AA,GG,AA,CC,AA,CC,TT,AA,AA,GG,GG,TT,GG,CC
17k,GG,AA,CC,GG,CC,GG,CACACACA,GA,TT,CC,TT,CC,GG,AG,CC,CT,CC,TT,GG,AA,CC,GA,CT,GG,GG,CC,AA,TT,TT,T*,GG,AA,GG,TT,AA,AA,AA,AA,TT,TT,GG,TT,TG,TT,TT,GG,GG,GG,CC,T*,GG,CC,GG,CTG,GA,CTTCTT,TT,TT,CC,AC,GG,AA,CC,AG,CC,TT,AA,AA,GG,GG,TT,GA,CC
106,GG,AA,CC,GG,AC,GG,CC,GG,TT,CG,TT,CC,G*,AA,CC,CC,CG,TT,GG,AA,CC,TT,CC,GG,GG,C*,A*,TT,TT,T*,GG,AA,GG,TT,AA,AA,AA,AA,T*,T*,GG,GG,GG,TT,TT,GG,G*,GG,CA,TT,GG,CC,GG,TGTG,GG,**,TT,AA,CC,AC,GG,AA,CC,AA,CT,TT,AA,AA,GG,AA,TA,GG,TC
18kar,GG,AA,CC,GG,AA,GG,TT,AA,TT,GG,TT,CC,G*,GG,CC,CC,CC,TT,GG,AA,CC,GG,CC,GG,GG,CC,A*,TT,TT,TT,GG,AA,GG,TT,AA,AA,AT,AA,TT,TT,GG,TT,GG,TT,TT,GG,GG,GG,AA,TT,GG,CC,GG,CTG,GG,CC,TT,TT,CC,AA,GG,AA,CC,AA,CC,TT,AA,AA,GG,GG,TT,GA,TC
3k,GG,AA,CC,GA,AC,GG,CT,GG,TT,CG,TT,CC,GA,GG,CC,CT,CC,TT,GG,AA,CCAG,GG,CC,GG,GG,CC,A*,TTC,TT,T*,GA,AA,GG,TT,AA,AA,TT,AG,TT,TT,GG,TT,TT,TT,TT,GG,GG,GG,CA,TT,GG,CC,GG,TGTG,GG,CTTCTT,**,TT,CC,AA,GT,AA,CC,AA,CC,TT,AA,AA,GG,GG,TT,GG,AA
189,GG,AA,CC,GG,AA,GA,CC,GA,TT,CC,TT,CT,GA,GG,CC,CT,CC,TT,GG,AA,CC,GG,CC,GG,GG,CC,A*,TA,TT,TT,GG,AA,G*,TA,AA,AA,AA,AA,TT,TT,GG,TG,GG,TT,TT,GG,GC,GG,CC,TT,GG,CC,GG,CGTG,GG,CC,TT,AA,CC,AA,GA,AA,CC,AA,CC,TT,AA,AA,GG,GG,TT,GG,TT
7k,GG,AA,CC,GG,CC,GG,CT,AA,TT,CG,TT,CC,GG,AG,CC,CT,CC,TT,GG,AA,CC,GA,CC,GG,GG,CC,AA,TT,TT,TT,GG,AA,GG,TC,AA,**,TT,AA,TT,TT,GG,TT,TG,TC,TT,GG,GG,GG,CA,TC,GG,CC,GG,CTG,G*,CTTCTT,TT,AT,CC,AA,GG,AA,CC,AA,CCACA,TT,AA,AA,GG,GG,TT,GG,TT
65k,GG,AA,CC,GG,AA,GG,CC,GG,TT,CC,TT,CC,GG,AA,CC,CT,CC,TT,GG,AA,CC,GG,CC,GG,GG,CC,AA,TT,TT,T*,GG,AA,GG,TC,AA,AA,AT,AA,TT,TT,GG,TT,GG,TT,TA,GG,GG,GG,CC,TT,GG,CC,GG,CGTG,GG,CC,TT,TT,CC,AA,GG,AA,CC,AA,CT,TT,AA,AA,GG,GG,TT,GG,CC
39,GG,AA,CC,GA,AA,GG,CT,GG,TT,CC,TT,CC,G*,GG,CC,CC,CG,TT,GG,AA,CC,GG,CC,GG,GG,CC,A*,TT,TT,**,GG,AA,GG,TA,AA,AA,AA,AA,TT,TT,GG,TT,GG,TC,TT,GG,GG,GG,C*,TT,GG,CC,GG,TGTG,GG,CC,TT,TT,CC,AA,GG,AA,CC,AA,CC,TT,AA,AA,GG,GG,TT,GT,TC
52k,GG,AA,CC,GG,CC,GG,TT,GA,TT,CC,TT,CC,GG,GG,CC,CC,CC,TT,GG,AA,CC,GG,CC,GG,GG,CC,AA,TT,TT,TT,GG,AA,GG,TT,AA,**,TT,AA,TT,TT,GG,T*,TG,TT,TT,GG,GG,GG,C*,TT,GG,CAGCAG,GG,CTG,G*,CCTT,TT,AT,CC,CC,GG,AA,CC,AA,CCACA,TT,AA,AA,GG,GG,TT,GG,TC
166,GG,AA,CC,AA,AA,GG,TT,GA,TT,CC,TT,CC,GG,GG,CC,CC,CC,TT,GG,AA,CC,TT,CC,GG,GG,CC,AA,TT,TT,T*,GG,AA,GG,TC,AA,AA,AT,AA,TT,TT,GG,GG,GG,TT,TT,GG,GG,GG,CC,TT,GG,CC,GG,CGTG,GG,CC,TT,TT,CC,AA,GT,AA,CC,AA,CC,TT,AA,AA,GG,GG,TT,GG,TT
154,GG,AA,CC,GG,AA,GG,CC,GG,TT,CC,TT,CC,GG,GG,CC,CC,CC,TT,GG,AA,CC,GA,CC,GG,GG,C*,AA,TT,TT,TT,GG,AA,G*,TT,AA,**,AA,AA,TT,TT,G*,TT,T*,TT,TT,GG,GG,GG,CA,TT,GG,CC,GG,TGTG,GG,CC,CC,AT,CC,AA,GG,AA,CC,AA,CC,TC,AA,AA,GG,GG,TT,GA,TC
73,GG,AA,CC,GG,AC,GG,CT,GT,TT,CG,TT,CC,GG,GG,CC,CT,CC,TT,GG,AA,CC,GG,CC,GG,GG,CC,AA,TT,TT,TT,GG,AA,GG,TC,AA,A*,AA,GG,TT,TT,GA,TT,TT,TT,TT,AA,GG,GG,CC,TT,GG,CC,GG,TGTG,GG,CC,TT,TT,CC,AA,GG,AC,CC,AA,TT,TT,AA,AT,GG,GG,TT,GT,CC
k51,GG,AA,CC,GG,AC,GG,CT,GG,TT,CG,TT,CT,GG,AC,CC,TT,CC,TT,GG,AA,CC,GG,CC,GG,GG,CC,AA,TT,TT,**,GG,AA,GG,TT,AA,A*,AT,AA,TT,TT,GG,TG,GG,TT,TT,GG,GG,GG,CC,TT,GG,CC,GG,TGTG,GG,CCTT,TT,AT,GG,CC,GG,AA,CC,AA,CCACA,TT,AA,AA,GG,GG,TT,AA,CC
22kar,GG,AA,CC,GG,AA,GG,CC,GG,TT,CG,TT,CT,GG,GG,CT,CC,CC,TT,**,AA,CC,GG,CC,GG,GG,CC,AA,TT,TT,**,GG,AA,GG,TT,AG,AA,AA,AA,TT,TT,GG,GG,GG,TT,TT,GG,GC,GG,C*,TT,GG,CC,GG,CGTG,GG,CCTT,TT,TT,CC,AA,AA,AA,CC,AA,CC,TT,AG,AA,GG,GG,TT,GG,CC
57,GG,AA,CC,GG,AC,GG,CT,GT,TT,CG,TT,CT,GG,GC,CC,CT,CG,TT,GG,GG,CC,GG,CC,GG,GG,CC,AA,TTC,TT,T*,GG,GG,GG,TT,AA,AA,AA,AA,TT,TT,G*,T*,GG,TC,TT,GG,GG,GG,**,TT,GG,CC,GT,TGTG,GG,CCTT,TT,TT,CC,AT,AA,AA,CC,AA,CC,TT,AA,AA,GG,GG,TT,GG,TC
74,GG,AA,CC,GG,AA,GA,CC,GG,TT,CC,TT,CC,GG,AG,CC,CT,CC,TT,GG,AA,CC,GG,CC,GG,GG,CC,AA,TT,TT,TT,GG,AA,GG,CC,AA,A*,TT,AA,TT,TC,GG,TT,GG,TT,TT,GG,GG,GG,CC,TT,GC,CC,GG,TGTG,GG,CC,TT,TT,CC,AC,GG,AA,CC,AA,CC,TT,AA,AA,GG,GG,TT,GA,CC
33,GG,AA,CC,GA,AC,GG,TT,AA,TT,CC,TT,CC,GA,AG,CC,TT,CC,TT,GG,AA,CCAG,GG,CC,GG,GG,CC,AA,TA,TT,T*,GG,AA,GG,TT,AA,A*,AT,AG,TT,TT,GG,GG,GG,TC,TT,GG,GG,GG,CC,TT,GG,CT,GG,TGTG,GA,CTTCTT,TT,TT,CC,AA,GG,AA,CC,AA,CC,TT,AA,AA,GG,GG,TT,GG,TA
71,GG,AA,CC,GG,AA,GG,CC,GG,TT,CC,TT,CC,GG,GG,CC,CC,CC,TT,GG,AA,CC,GG,CC,GG,GG,CC,AA,TT,TT,T*,GG,AA,GG,TA,AA,AA,TT,AA,TT,TT,GG,TG,T*,TT,TT,GG,GG,GG,CC,TT,GG,CC,GG,CTG,GG,CCTT,TT,TT,CC,AA,GA,AA,CC,AA,CT,TT,GG,AA,GG,GG,TT,GG,TT
9kar,GG,AA,CC,GG,AA,GG,CC,GG,TT,CC,TT,CC,G*,AG,CC,CT,CC,TT,GG,AA,CC,GA,CC,GG,GG,CC,A*,TT,TT,TT,GG,AA,GG,TA,AA,AA,AT,AA,TT,TT,GG,GG,GG,TT,TT,GG,GG,GG,C*,TT,GG,CC,GG,TGTG,GG,CC,TC,AA,CC,AC,GG,AA,CC,AA,CC,TT,AA,AA,GG,GG,TA,GA,TT
171,GG,AA,CC,GG,AC,GG,CC,GG,TT,CC,TT,CC,GG,AA,CC,CT,CC,TT,GG,AA,CC,GT,CC,GG,GG,CC,AA,TT,T*,T*,GG,AA,GG,TT,AA,**,AA,AA,TT,CC,GG,TT,TG,TT,TT,GG,GG,GG,CC,TT,GG,CC,GG,TGTG,GG,CCTT,TT,TT,CC,AA,GG,AA,CC,AG,CCACA,TT,AA,AA,GG,GG,TT,GG,TC
102,GG,AA,CC,GG,AC,GG,CC,GA,TT,CC,TT,CC,G*,GG,CC,CC,CC,TT,GG,AA,CC,GG,CC,GG,GG,CC,A*,TT,TT,**,GG,AA,GG,TT,AA,AA,TT,AA,TT,TT,**,TT,GG,TT,TT,GG,GG,GG,C*,TT,GC,CC,GG,TGTG,GG,CC,TT,TT,CC,AA,GG,AA,CC,AA,CC,TT,AA,AA,GG,GG,TT,GG,TT
111,GG,AA,CC,GG,AC,GG,CT,GG,TT,CC,TT,CC,GG,GC,CC,TT,CC,TT,GG,AA,CCAG,GG,CC,GG,GG,CC,AA,TT,TT,TT,GG,AA,GA,TT,AA,AA,TT,AG,TT,TT,GG,TT,TG,TT,TT,GG,GG,GG,CC,TT,GC,CC,GG,TGTG,GG,CCTT,TT,AT,CC,AC,GG,AA,CC,AA,CC,TT,AA,AA,GG,GG,TT,GG,TT
175,GG,AA,CC,GG,AC,GG,CT,GG,TT,CG,TT,CC,GG,AA,CT,CC,CC,TT,GG,AA,CC,GA,CC,GG,GG,CC,AA,TA,TT,TT,GG,AA,GG,CC,AA,**,TT,AA,TT,TT,GG,T*,GG,TT,TT,GG,GG,GG,AA,TT,GC,CT,GG,TGTG,GG,CC,TT,AT,CC,AA,GG,AA,CC,AA,CC,TT,AA,A*,GG,GG,TT,GG,TT
139,GG,AA,CC,GA,AC,GG,CC,GA,TT,CG,TT,CC,GG,GG,CC,CC,GG,TT,GG,AA,CCAG,GA,CC,GG,GG,CC,AA,TT,TT,T*,GG,AA,GG,TT,AA,AA,AT,AA,TT,TT,GG,TT,GG,TT,TT,GG,GG,GG,CC,CC,GG,CC,GG,CTG,GG,CC,T*,TT,CC,AA,GG,AA,CC,AA,CC,TT,AA,AA,GG,GG,TT,GG,TT
174,GG,AA,CC,GA,AC,GG,CT,GG,TT,CC,TT,CC,GG,GG,CC,**,GG,TT,GG,**,CC,GG,CC,GG,GG,CC,AA,TT,TT,TT,GG,AA,GG,TT,AA,AA,AT,AA,TT,TT,GG,TG,GG,TT,TT,GG,GG,GG,CA,TT,GG,CC,GG,CTG,G*,CCTT,TC,TT,CC,AA,GG,AA,CC,AG,TT,TT,AA,AT,GG,GG,AA,GG,CC
173,GG,AA,CC,GG,AC,GG,TT,GG,TT,CC,TT,CC,GA,AA,CC,CC,CC,TT,GG,AA,CC,GT,CC,GG,GG,CC,A*,TT,TT,**,GG,AA,GG,TT,AA,A*,AT,AA,TT,TT,**,TT,GG,TT,TT,GG,GG,GG,CC,TT,GG,CCAG,GG,TGTG,GG,CCTT,TT,TT,CC,AA,GG,AA,CC,AA,CCACA,TT,AA,AA,GG,GG,TT,GA,CC
165,GG,AA,CC,GG,CC,GG,CC,GG,TT,CC,TT,CC,GG,GC,CC,CC,CC,TT,GG,AA,CC,GT,CC,GG,GG,CC,AA,TT,TT,TT,GG,AA,GG,TT,AA,A*,TT,AA,TT,TT,GG,TT,GG,TT,TT,GG,GG,GG,CC,TT,GG,CC,GG,CTG,GA,CTTCTT,TT,TT,CT,AC,GG,AA,CC,AG,CC,TT,AA,A*,GGT,GG,TT,GG,TT
109,GG,AA,CC,GG,CC,GG,CC,GT,TT,CG,TT,CC,G*,GG,CC,CT,CG,TT,GG,AA,CC,GG,CC,GG,GG,CC,A*,TA,TC,T*,GG,AA,GG,TC,AA,A*,AA,AC,TT,TT,GG,GG,TG,TT,TT,GG,GC,GG,CC,TT,GC,CC,GG,TGTG,GG,CCTT,TT,TT,CC,AA,TT,AA,CC,AA,CC,TT,AA,AA,GG,GG,TT,GG,TC
67k,GG,AA,CC,GG,AC,GG,CT,GG,TT,CG,TT,CC,G*,GG,CC,CC,CC,TT,GG,AA,CC,GA,CC,GG,GG,CC,A*,TTC,TT,**,GG,AA,GG,TT,AA,AA,AA,AA,TT,TT,GG,GG,GG,TT,TT,GG,GG,GG,CC,TT,GG,CC,GG,CGTG,GG,CC,CC,TT,CC,AC,GG,AA,CC,AA,CC,TT,AA,AA,GG,GG,TT,GG,TT
135,GG,AA,CC,GG,AA,GG,CT,GA,TT,CC,TT,CC,GG,GG,TT,CC,CC,TT,GG,AA,CCAG,GA,CC,GG,GG,CC,AA,TT,TT,**,GG,GG,GG,TT,AA,A*,AT,AA,TT,TT,GG,TG,TG,TT,TT,GG,GG,GG,CC,TT,GG,CC,GG,TGTG,GG,CC,TT,AA,CC,AA,GG,AA,CC,AA,CC,TT,AG,AA,GG,GG,TT,GG,TT
10,GG,AA,CC,GG,AC,GG,CT,GG,T*,GG,TT,CC,GG,AG,CC,C*,CC,TT,GG,AA,CC,GT,CC,GG,GG,CC,A*,TT,TT,T*,GG,AA,GG,CA,AA,AA,AT,AA,TT,TC,GG,GG,GG,TT,TT,GG,GG,GG,CC,TT,GG,CC,GG,TGTG,GG,CC,TT,TT,CC,AA,AA,AA,CC,AA,CC,TT,AA,AA,GG,GG,TT,GG,TA
188,GG,AA,CC,GG,AA,GG,CC,GG,TT,GG,TT,CC,G*,GC,CC,CC,CC,TT,GG,AA,CC,GT,CC,GG,GG,CC,A*,TT,TT,T*,GG,AA,GG,TC,AA,A*,TT,AA,TT,TT,GG,TG,GG,TT,TT,GG,GG,GG,CC,T*,GG,CC,GG,TGTG,GG,CCTT,TT,TT,CC,AA,AT,AA,CC,AA,CC,TT,GG,AA,GG,GG,TT,GG,CC
104,GG,AA,CC,GG,AA,GG,CC,AA,TT,CC,TT,CC,G*,AA,CT,CC,CC,TT,GG,AA,CC,GA,CC,GG,GT,CC,A*,TT,TT,TT,GG,AA,GG,TT,AA,AA,AT,AA,TT,TT,GG,GG,GG,TT,TT,GG,GG,GG,CC,TT,GG,CC,GG,CTG,GA,CC,TT,AT,CC,AA,GG,AA,CC,AA,CCACA,TT,AA,AA,GG,GG,AA,GG,TT
60k,GG,AA,CA,GA,AC,GG,CC,GG,TT,GCAG,TT,CC,GA,GG,CC,CC,CC,TT,GG,AA,CC,GG,CC,GG,GG,CT,AA,TT,TT,TT,GG,AA,GG,TC,AA,AA,AT,AA,TT,TT,GG,GG,GG,TT,TT,GG,GG,GG,CC,TT,GG,CC,GG,CTG,GA,CCTT,TT,AT,CC,AA,GG,AA,CC,AA,CC,TT,AA,AA,GG,GG,TT,GG,TT
150,GG,AA,CC,GG,AC,GG,CC,GG,TT,CC,TT,CC,GG,GG,CC,CT,CC,TT,GG,AA,CC,GG,CC,GG,GG,CC,AA,TT,TT,T*,GG,AA,GG,TT,AG,AA,AT,AA,T*,T*,GG,GG,T*,TT,TT,GG,G*,GG,CA,TT,GG,CC,GG,TGTG,GA,CC,TT,TT,CC,AA,GG,AA,CC,A*,CCACA,TT,AA,AA,GG,GG,T*,GG,CC
181,GG,AA,CC,GA,AC,GG,CC,GG,TT,CC,TT,CC,GG,GG,CC,CC,CG,T*,GG,AA,CC,GA,CC,G*,GG,CC,AA,TT,TT,TT,GG,AA,GG,TC,AA,AG,TT,AA,TT,TT,GG,T*,GG,TT,TT,GG,GG,GG,CC,TC,GG,CT,GG,TGTG,GG,CTTCTT,TT,AT,CC,AC,GG,AA,CC,AA,CT,TT,AA,AA,GG,GG,TT,GG,TC
161,GG,AA,CC,GG,AA,GG,TT,GG,TG,CCAG,TT,CC,GG,GG,C*,CC,CC,TT,GG,AA,CC,GG,CC,GG,GG,CC,AA,TT,TT,TT,GG,AA,GG,TT,AA,AA,TT,AA,TT,TT,GG,**,TG,TT,TT,GA,GG,G*,CA,TT,GG,TT,GG,TGTG,GA,CTTCTT,TT,TT,CC,AA,GG,AA,CC,AA,TT,TT,AA,AA,GG,GG,TT,GG,CC
60,GG,AA,CC,GG,CC,GG,CCACA,GA,TT,CC,TT,CC,GG,GG,CT,CC,CC,TC,GG,AA,CC,GA,CC,GT,GG,CC,AA,TTC,TT,TT,GG,AA,GG,TT,AA,AA,TT,AA,TT,TT,GG,TG,GG,TT,TT,GG,GG,GG,CC,TT,GA,TT,GG,CTG,GG,CC,TT,AA,CC,AC,GG,AA,CC,AG,CC,TT,AA,AA,GG,GG,TT,GG,TA
146,GG,AA,CC,GG,AC,GG,CC,GG,TT,CC,TT,CC,GG,GG,CT,CC,CC,TT,GG,AA,CC,GG,CC,GG,GG,CC,AA,TT,TT,**,GG,AA,GG,TT,AA,A*,AA,AA,TT,TT,GG,TT,GG,TT,TT,GG,GG,GG,CC,TC,GC,CCAG,GG,TGTG,GG,CC,TT,AT,CC,AA,GG,AA,CC,AA,CCACA,TT,AA,AA,GG,GG,TT,GG,CC
6kar,GG,AA,CC,GA,AACTG,GG,CCACA,GG,TT,CC,TT,CC,GG,AA,CC,CC,CC,TT,GG,AA,CC,GA,CC,GG,GG,CC,AA,TT,TT,TT,GG,AA,GG,TT,AA,AA,TT,AA,TT,TT,GG,TT,GG,TT,TT,GG,GC,GG,CC,TT,GG,CC,GG,TGTG,GG,CC,TT,AT,CC,AC,GG,AA,CC,AA,CC,TT,AA,AA,GG,GG,TT,GG,TC
23kar,GG,AA,CC,GA,CC,GG,CC,AA,TT,CC,TC,CC,G*,GG,CC,CC,CC,TT,GG,AA,CC,GG,CC,GG,GG,CC,A*,TT,TT,T*,GG,AA,GG,TT,AA,A*,AA,AA,TT,TT,GG,T*,TT,TG,TT,GG,GG,GG,CC,TT,GG,CC,GG,TGTG,GG,CC,TT,AA,CC,CC,GG,AA,CC,AA,CC,TT,AA,A*,GG,GG,TT,GG,TA
63,GG,AA,CC,GG,AC,GG,CT,GG,TT,CC,TT,CC,GG,GG,CC,CT,CC,TT,GA,AA,CC,GG,CT,GG,GG,CC,AA,TT,TT,TT,GG,AA,GG,CC,AA,AA,AA,AA,TT,TT,GG,T*,GG,TT,TT,GG,GG,GA,CC,TT,GG,CC,GG,TGTG,GG,C*,TT,AT,CT,AC,GG,AA,CC,AA,CCACA,TT,AA,AA,GG,GG,TT,GG,TT
158,GG,AA,CC,GG,CC,GG,CT,GG,TT,CCAG,TT,CC,GG,GG,CC,CC,CC,TT,GG,AA,CC,GT,CC,GG,GG,CC,AA,TT,TT,**,GG,AA,GG,TC,AA,AA,AA,AA,TT,TT,GG,TG,GG,TG,TT,GG,GG,GG,C*,TT,GC,CC,GG,TGTG,GG,CC,TT,TT,CC,AA,GG,AA,CC,AA,CC,TT,AA,AA,GG,GG,TT,GG,TC
172,G*,AA,CC,GA,AC,GG,CT,GA,T*,CC,TT,CC,GG,AG,CC,TT,GG,TT,GG,AA,CC,GG,CC,GG,GG,CC,AA,TT,TT,T*,GG,AA,GG,TT,AA,AA,TT,AA,TT,TT,GG,TG,GG,TT,TT,GG,GG,GG,CC,TT,GC,CC,GG,TGTG,GG,CC,TT,TT,CC,AA,AA,AA,CC,AA,CC,TC,AA,AA,GGT,GG,TT,GG,TA
38,GG,AA,CC,GG,AC,GG,TT,GA,TT,CC,TT,CC,*A,GC,CC,CC,CC,TT,GG,AA,CC,GG,CC,GG,GG,CT,**,TT,TT,T*,GG,AA,GG,TT,AA,A*,TT,AA,TT,TT,GG,TG,GG,TT,TT,GG,GG,GG,C*,TT,GC,CT,GG,CC,**,CC,TT,AA,CC,AA,GG,AA,CC,AA,CC,CC,AA,AA,GG,GG,TT,AA,TT
70,GG,AA,CC,GG,AA,GGAC,TT,GA,TT,CC,TT,CC,GG,GG,CC,TT,CC,TT,GG,AA,CC,GG,CC,GG,GG,CC,AA,TT,TT,T*,GG,AA,GG,CC,AA,A*,AT,AA,TT,TT,GG,TT,GG,TT,TT,GG,GG,GG,CA,TT,GC,TT,GG,TGTG,GG,CTTCTT,TT,AT,CC,TT,GT,AA,CC,AA,CC,TT,AA,AA,GG,GG,TT,GG,TC
164,GG,AA,CC,GG,AA,GG,CC,GG,TT,CC,TT,CC,G*,GC,CC,CT,CC,TT,G*,AA,CC,GG,CC,GG,GG,CC,A*,TT,TT,TT,GG,AA,GA,TC,AA,AA,AT,AA,TT,TT,GG,TT,GG,TT,TT,GG,GG,GG,CA,TT,GG,CC,GG,TGTG,GG,CC,TT,AA,CC,AA,GG,AA,CC,AA,CC,TT,AA,AA,GG,GG,TT,GG,TT
123,GG,AA,CC,GG,AA,GG,CT,GG,TT,GG,TT,CC,GA,GG,CC,CC,CC,TT,GG,AA,CC,GG,CC,GG,GG,CC,A*,TT,TC,TT,GG,AA,GG,TT,AT,AA,AA,AA,TT,TT,GG,G*,TG,TG,TT,GG,GG,AA,CA,TT,GC,CC,GG,TGTG,GG,CCTT,TT,TT,CC,AA,GG,AA,CA,AA,CC,TT,AA,AA,GTGT,GG,TT,GG,TC
48k,GG,AA,CC,GA,AC,GG,CC,GG,TT,CC,TT,CC,GG,AG,CC,CC,CC,TT,GG,AA,CC,GG,CC,GG,GG,CC,AA,TT,TT,TT,GG,AA,GG,TT,AA,AA,TT,AG,TT,TT,GG,TT,GG,TT,TT,GG,GG,GG,CC,TT,GG,CC,GG,CTG,GA,CC,TT,TT,CC,AA,GG,AA,CC,AA,CC,TT,AA,AA,GG,GG,TT,GG,TT
142,GG,AA,CC,GG,AC,GG,TT,GG,TT,CC,TT,CA,GG,GG,CC,CC,CC,TT,GG,AA,CC,GG,CC,GG,GG,CC,AA,TT,TT,T*,GG,AA,GG,TT,AA,AA,TT,AA,TT,TT,GG,GG,TT,TG,TT,GG,GG,GG,CC,TT,GG,CC,GG,TGTG,GG,CTTCTT,T*,AT,CC,AC,GG,AA,CC,AA,CC,TT,AA,AA,GG,GG,TT,GA,TC
1k,GG,AA,CC,GA,AA,GG,CC,GG,TT,CCAG,TT,CC,GG,GG,CC,CC,CC,TT,GG,AA,CC,GA,CC,GG,GG,CC,AA,TT,TT,T*,GG,AA,GG,TT,AA,AA,TT,AA,TT,TT,GG,TT,GG,TT,TT,GG,GG,GG,CC,TT,GG,CC,GG,TGTG,GG,CC,TT,AT,CT,AA,GG,AA,CC,AA,CC,TT,AA,AA,GG,GG,TT,GG,TT
180,GG,AA,CC,GG,AC,GG,CC,GG,TT,CC,TT,CC,GG,GG,CC,CC,CC,TT,GG,AA,CC,GG,CC,GG,GG,CC,AA,TT,T*,T*,GG,AA,GG,TT,AA,AA,AT,AA,TT,TT,GG,T*,TT,TT,TT,GG,GG,GG,CC,TT,GG,CC,GG,CTG,GA,CC,TT,TT,CC,AA,GG,CC,CC,AA,CC,TT,A*,AA,GG,GG,TT,GG,CC
31,GG,AA,CC,GG,AC,GG,CT,GG,TT,CC,TT,CC,GG,GG,CC,CC,CC,TT,GG,AA,CC,GG,CT,GG,GG,CC,**,TT,TT,TT,GG,AA,GG,CC,AA,AA,AA,AA,TT,TT,GG,TT,GG,TT,TT,GG,GG,GG,CC,TT,GG,CC,GG,TGTG,GG,CC,TT,AA,CC,CC,GG,AA,CC,AA,CCACA,TT,AA,AA,GG,**,TT,GG,TT
14,GG,AA,CC,GG,AA,GG,CT,GG,TT,CG,TT,CC,GA,GC,CC,CC,CC,TT,GG,AA,CC,AA,CC,GG,GG,CC,AA,TT,TT,T*,GG,AA,GG,TC,AA,AA,AA,AA,TT,TT,GG,T*,GG,TT,TT,GG,GG,GG,CA,**,GG,CC,GG,TGTG,GG,C*,TT,AA,CC,AA,GG,AA,CC,AA,CCACA,TT,AA,AA,GG,GG,TT,GG,TC
69k,GG,GG,CC,GG,CC,GG,CC,GG,TT,CG,TT,CC,GG,AG,CC,CT,CC,TT,GG,AA,CC,GG,CC,GG,GG,CC,AA,TT,TT,T*,GG,AA,GG,TT,AA,GG,TT,AA,TT,TT,GG,GG,TT,TT,TT,GG,GG,GG,C*,TT,GC,CC,GG,TGTG,GG,CTTCTT,**,AA,CC,AA,GG,AA,CC,AA,CC,TT,AA,AA,GG,GG,TT,AA,TT
169,GG,AA,CC,GG,AC,GG,CT,GG,TT,CG,TT,CC,GG,GG,CC,CC,CC,TT,GG,AA,CC,AA,CC,GG,GG,CC,A*,TT,TT,**,GG,AA,GG,TT,AA,**,A*,AA,TT,TT,GG,TT,T*,TT,TT,GG,GG,GG,CC,TT,GG,CCAG,GG,CTG,GA,CCTT,TC,AT,CC,AC,GG,AA,CC,AA,CACACACA,TT,AA,AA,GG,GG,TT,GG,CC
39k,GG,AA,CC,GG,AC,GG,CT,GG,TT,CC,TT,CC,GG,AG,CC,CC,CC,TT,GG,AA,CC,GG,CC,GG,GG,CC,AA,TT,TT,T*,GG,GG,GG,TT,AA,A*,AT,AA,TT,TT,GG,TT,GG,TT,TT,GG,GG,GG,CC,TT,GC,CCAG,GG,CTG,GG,CC,TT,AT,CC,AA,GG,AA,CC,AA,TT,TT,AA,A*,GG,GG,TT,GG,TT
48,GG,AA,CC,GG,AA,GG,TT,GG,TT,CC,TT,CC,GG,AA,CC,CT,CC,TT,GG,AA,CC,GA,CC,GG,GG,CC,AA,TT,TT,T*,GG,AA,GG,TA,AA,AA,TT,AA,TT,TT,GG,TT,GG,TT,TT,GG,GG,GG,CC,TT,GG,CC,GG,CGTG,GG,CC,TT,TT,CC,AA,AA,A*,CC,AA,CCACA,TT,AA,AA,GG,GG,TT,GG,TC
25kar,GG,AA,CC,GA,CC,GG,CT,GG,TT,CG,TT,CC,GG,GG,CC,CC,CC,TT,GG,AA,CC,GG,CC,GG,GT,CC,AA,TA,TT,**,GG,AA,GG,TC,AG,AA,AT,AA,TT,TT,GG,TT,T*,TT,TT,GG,GG,GG,CC,TT,GG,CCAG,GG,TGTG,GG,CC,TT,AT,CC,AA,GG,AA,CC,AA,CC,TT,AG,AA,GG,GG,TT,GG,TC
137,GG,AA,CC,GG,AC,GG,CC,GA,TT,CC,TT,CC,GG,GG,CC,CC,CC,TT,GG,AA,CT,GG,CC,GG,GG,CC,AA,TT,TT,TT,GG,AA,GG,TA,AA,AA,AA,AA,TT,TT,GG,T*,GG,TT,TT,GG,GG,**,CC,TT,GG,CC,GG,CTG,GA,CC,TT,AA,CC,AC,GG,AA,CC,AA,CC,TT,AA,AA,GG,GG,TT,GG,TT
69,GG,AA,CC,GG,CC,GG,CC,GG,TT,CAGCAG,CC,CC,GA,GC,CC,CC,CC,TT,GG,AA,CC,GG,CC,GG,GG,CC,A*,TT,TT,TT,GG,GG,GG,TT,AA,A*,AA,AA,TT,TT,GG,GG,GG,TT,TT,GG,GG,GG,CC,TT,GG,CC,GG,TGTG,GG,CCTT,TT,TT,CC,AA,GG,AA,CC,AA,CC,TT,AA,AA,GG,GG,TT,GG,TC
167,GG,AG,CC,AA,AC,GG,CT,GG,TT,CC,TT,CC,GG,GC,CC,TT,CC,TT,GG,AA,CC,GG,CC,GG,GG,CC,AA,TT,TT,T*,GG,AG,GG,TT,AA,AA,AT,GG,TT,CC,GG,TT,TT,TT,TT,GG,GG,GG,CA,TT,GC,CCAG,GG,CC,**,CCTT,TT,AT,CC,AC,AA,AA,C*,AA,CC,TT,AA,TT,GG,GG,TT,GG,TC
68,GG,AA,CC,GG,AACTG,GG,CT,GG,TT,CC,TT,CC,GA,GG,CC,CC,CC,TT,GG,AA,CC,AA,CC,GG,GG,CC,A*,TT,TT,T*,GG,AG,GG,TC,AA,AA,AA,AA,TT,TT,GG,TG,GG,TG,TT,GG,GG,GG,CC,TT,GG,CCAG,GG,TGTG,GG,CC,TC,AA,CC,AC,AA,AA,CC,AA,CC,TT,AA,AA,GG,**,TT,GG,TC
50,GG,AA,CC,GG,AA,GG,CC,GG,TT,CC,TT,CC,GG,AG,CC,CC,CC,TT,GG,AA,CC,GT,CC,GG,AA,CC,AA,TT,TT,TT,GG,AA,GG,TT,AA,AA,AT,AA,TT,TT,GG,TT,TG,TT,TT,GG,GG,GG,CA,TT,GG,CC,GG,CTG,GA,CC,TT,TT,CC,AC,GG,AA,CC,AA,CCACA,TC,AA,AA,GG,GG,TA,GG,TC
4kar,GG,AA,CC,GG,AC,GG,CC,GA,TT,CC,TT,CC,GG,GG,CC,CT,CC,TT,GG,AA,CC,GG,CC,GG,GG,**,AA,TT,TT,T*,GG,AA,GG,TT,AA,AA,AA,AA,TT,TT,GG,TT,T*,TT,TT,GG,GG,GG,CC,TT,GG,CC,GG,TGTG,GA,CC,TT,AT,CC,AA,GG,AA,CC,AA,CC,TT,AA,AA,GG,GG,TT,GG,TT
57k,GG,AA,CC,GG,AA,GGAC,CT,GG,TT,CCAG,TT,CC,GG,GC,CC,CT,CC,TT,GG,AA,CC,GG,CC,GG,GG,CC,AA,TT,TT,T*,GG,AA,GG,TT,AA,A*,TT,AA,TT,TT,GG,TG,TG,TT,TT,GG,GC,GG,CC,TT,GG,CC,GG,TGTG,GG,CC,TC,TT,CC,AC,GG,AA,CC,AA,CC,TT,AA,AA,GG,GG,TT,GG,CC
26kar,GG,AA,CC,GG,CC,GG,TT,GG,TT,CC,TT,CC,GG,GG,CC,CC,CC,TC,AA,AA,CC,GA,CC,GT,GG,CC,AA,TT,TT,T*,GG,AA,GG,CC,AA,AA,AA,AA,TT,TT,G*,TG,GG,TT,TT,GG,GG,GG,CC,TT,GG,CC,AA,CGC,G*,CC,TT,AT,CC,AA,GA,AA,C*,AA,CC,TT,AA,AA,GG,GG,TT,GG,TT
34k,GG,AA,CC,GG,AA,GG,CT,GT,TT,GG,TT,CC,GG,GC,CC,CT,CC,TT,GG,AA,CC,GT,CC,GG,GG,CC,AA,TT,TT,TT,GG,AA,GG,CC,AA,AA,TT,AA,TT,TT,GG,TG,GG,TT,TT,GG,GG,GG,CC,TT,GG,CCAG,GG,CC,**,CC,TT,TT,CC,AA,GA,AA,CC,AA,CC,TT,AG,AA,GGT,GG,TT,AA,TC
141,GG,AA,CC,GG,AA,GG,CT,GG,TT,CC,TT,CT,GA,GG,CC,CT,CC,TT,GG,AA,CCAG,GG,TT,GG,GG,C*,A*,TT,TT,T*,GG,AA,G*,TC,AA,**,TT,AA,TT,TT,GG,TT,GG,TT,TT,GG,GG,GG,CC,TT,GG,CCAG,GG,CTG,GA,CC,TT,AT,CC,AA,GG,AA,CC,AA,CCACA,TT,AA,AA,GG,GG,TT,GG,TC
37k,GG,AA,CC,GG,AC,GG,TT,GG,TT,CC,TT,CC,GG,GC,CC,CT,CC,TT,GG,AA,CC,GG,CC,GG,GG,CC,AA,TT,TT,T*,GG,AA,GG,TT,AA,A*,AT,AA,TT,TT,GG,TG,T*,TT,TT,GG,GG,GG,CC,TT,GG,CC,GG,CTG,GA,CCTT,TT,TT,CC,AC,TT,AA,CC,AA,TT,TT,AA,AA,GG,GG,TT,GG,TA
105,GG,AA,CC,GG,AC,GG,CT,GA,TT,CCAG,TT,CC,GG,AA,CC,CC,CC,TT,GG,AA,CCAG,GA,CC,GG,TT,CC,AA,TT,TT,T*,GG,AA,GG,TT,AA,A*,TT,AA,TT,TT,GG,T*,GG,TT,TT,GG,GG,GG,CC,CC,GG,CT,GG,CTG,GA,CC,TT,AA,CC,CC,GG,AA,CC,AA,CT,TT,AA,AA,GG,GG,TT,AA,TC
2kar,GG,AA,CC,GG,AC,GG,CC,GA,TT,CCAG,TT,CC,GG,GG,CC,TT,CC,TT,GG,GG,CC,GT,CC,GG,GG,C*,AA,TT,TT,**,GG,AA,GG,TT,AA,A*,AA,AA,TT,TT,GG,TT,TG,TT,TT,GG,GG,GG,CC,TT,GG,CT,GG,CTG,GA,CC,TT,TT,CC,AA,GG,AA,CC,AA,TT,TT,AA,AA,GG,GG,TA,GG,TT
27k,GG,AA,CC,GG,AC,GG,CT,GG,TT,CC,TT,CC,GG,AG,CC,CC,CC,TT,GG,AA,CC,GG,CC,GG,GG,CC,AA,TA,TT,T*,GG,AA,GG,TT,AA,AA,AA,AA,TT,TT,GG,TG,TT,TT,TT,GG,GG,GG,CC,TT,CC,CC,GG,TGTG,GG,CTTCTT,TT,AA,CC,AA,GA,AA,CC,AA,CC,TT,AA,AA,GG,GG,TT,GG,TT
