Status,rs16851055,rs144854329,rs1191376425,rs1426319240
1,GG,TGGTCCCACTCTTCCCACAT,GTTCCTGTTCCT,GGCGGC
1,GG,TGGTCCCACTCTTCCCACAT,GTTCCTG,GGCG
1,GG,TGGTCCCACTCTTCCCACAT,GTTCCTG,GGCG
1,GG,TGGTCCCACTCTTCCCACAT,GTTCCTG,GGCG
1,GG,TGGTCCCACTCTTCCCACAT,GTTCCTG,GGCG
1,GG,TGGTCCCACTCTTCCCACAT,GTTCCTG,GGCG
1,GG,TGGTCCCACTCTTCCCACAT,GTTCCTGTTCCT,GGCGGC
1,GA,TGGTCCCACTCTTCCCACAT,GTTCCTG,GGCG
1,GG,TT,GTTCCTGTTCCT,GGCGGC
1,GG,TT,GTTCCTGTTCCT,GGCGGC
1,GA,TT,GTTCCTGTTCCT,GGCGGC
1,GG,TT,GTTCCTG,GGCG
0,GA,TT,GTTCCTGTTCCT,GGCG
1,GG,TT,GTTCCTGTTCCT,GGCGGC
1,GG,TT,GTTCCTG,GGCG
1,AA,TT,GTTCCTGTTCCT,GGCGGC
1,GG,TT,GTTCCTG,GGCG
1,GG,TT,GTTCCTG,GGCG
1,GG,TGGTCCCACTCTTCCCACATGGTCCCACTCTTCCCACA,GTTCCTGTTCCT,GGCGGC
1,AA,TGGTCCCACTCTTCCCACATGGTCCCACTCTTCCCACA,GTTCCTG,GG
1,GA,TGGTCCCACTCTTCCCACATGGTCCCACTCTTCCCACA,GTTCCTGTTCCT,GGCGGC
1,GG,TGGTCCCACTCTTCCCACATGGTCCCACTCTTCCCACA,GTTCCTG,GGCG
1,GG,TT,GTTCCTGTTCCT,GGCGGC
1,AA,TGGTCCCACTCTTCCCACAT,GTTCCTGTTCCT,GGCGGC
1,GA,TT,GTTCCTGTTCCT,GGCGGC
1,GA,TT,GTTCCTG,GGCG
1,GG,TGGTCCCACTCTTCCCACAT,GTTCCTG,GGCG
1,GG,TT,GTTCCTG,GGCG
1,GG,TGGTCCCACTCTTCCCACAT,GTTCCTGTTCCT,GGCGGC
1,GG,TGGTCCCACTCTTCCCACAT,GTTCCTG,GGCG
1,GG,TGGTCCCACTCTTCCCACAT,GTTCCTGTTCCT,GGCGGC
1,GA,TGGTCCCACTCTTCCCACAT,GTTCCTG,GGCG
1,GG,TGGTCCCACTCTTCCCACAT,GTTCCTG,GGCG
1,GA,TGGTCCCACTCTTCCCACAT,GTTCCTGTTCCT,GGCGGC
1,GG,TT,GTTCCTGTTCCT,GGCGGC
0,GG,TT,GTTCCTGTTCCT,GGCGGC
1,GG,TGGTCCCACTCTTCCCACATGGTCCCACTCTTCCCACA,GTTCCTGTTCCT,GGCGGC
1,GA,TGGTCCCACTCTTCCCACAT,GTTCCTGTTCCT,GGCGGC
1,GG,TGGTCCCACTCTTCCCACAT,GTTCCTGTTCCT,GGCGGC
1,GG,TGGTCCCACTCTTCCCACATGGTCCCACTCTTCCCACA,GTTCCTGTTCCT,GGCGGC
1,GG,TT,GTTCCTG,GGCG
1,GG,TT,GG,GG
1,GG,TT,GTTCCTGTTCCT,GGCGGC
1,AA,TGGTCCCACTCTTCCCACATGGTCCCACTCTTCCCACA,GTTCCTG,GGCG
1,GG,TGGTCCCACTCTTCCCACATGGTCCCACTCTTCCCACA,GTTCCTG,GG
0,GG,TT,GTTCCTGTTCCT,GGCGGC
1,GA,TT,GTTCCTG,GGCG
1,GG,TGGTCCCACTCTTCCCACATGGTCCCACTCTTCCCACA,GTTCCTGTTCCT,GGCGGC
1,GG,TT,GTTCCTGTTCCT,GGCGGC
1,GG,TGGTCCCACTCTTCCCACATGGTCCCACTCTTCCCACA,GTTCCTGTTCCT,GGCGGC
1,GG,TT,GG,GG
1,GA,TT,GTTCCTGTTCCT,GGCGGC
1,GG,TGGTCCCACTCTTCCCACATGGTCCCACTCTTCCCACA,GTTCCTG,GGCG
1,GG,TT,GTTCCTGTTCCT,GGCGGC
0,GG,TGGTCCCACTCTTCCCACATGGTCCCACTCTTCCCACA,GTTCCTGTTCCT,GGCGGC
0,GG,TGGTCCCACTCTTCCCACAT,GTTCCTGTTCCT,GGCGGC
1,GG,TGGTCCCACTCTTCCCACAT,GTTCCTG,GGCG
1,GG,TGGTCCCACTCTTCCCACAT,GTTCCTGTTCCT,GGCGGC
1,GG,TGGTCCCACTCTTCCCACAT,GTTCCTGTTCCT,GGCGGC
1,GG,TGGTCCCACTCTTCCCACAT,GTTCCTGTTCCT,GGCGGC
1,GA,TGGTCCCACTCTTCCCACATGGTCCCACTCTTCCCACA,GTTCCTGTTCCT,GGCGGC
1,AA,TGGTCCCACTCTTCCCACATGGTCCCACTCTTCCCACA,GTTCCTGTTCCT,GGCGGC
1,GG,TGGTCCCACTCTTCCCACATGGTCCCACTCTTCCCACA,GTTCCTGTTCCT,GGCGGC
1,GG,TT,GTTCCTGTTCCT,GGCGGC
1,GG,TT,GTTCCTGTTCCT,GGCGGC
0,GA,TGGTCCCACTCTTCCCACATGGTCCCACTCTTCCCACA,GTTCCTGTTCCT,GGCGGC
0,GG,TGGTCCCACTCTTCCCACATGGTCCCACTCTTCCCACA,GTTCCTGTTCCT,GGCGGC
1,GG,TT,GTTCCTG,GGCG
1,GG,TT,GTTCCTG,GGCG
1,GG,TT,GTTCCTG,GGCG
0,GA,TGGTCCCACTCTTCCCACATGGTCCCACTCTTCCCACA,GTTCCTG,GGCG
1,GG,TT,GTTCCTGTTCCT,GGCGGC
0,GG,TGGTCCCACTCTTCCCACAT,GTTCCTGTTCCT,GGCGGC
0,GG,TGGTCCCACTCTTCCCACATGGTCCCACTCTTCCCACA,GTTCCTGTTCCT,GGCGGC
0,GG,TGGTCCCACTCTTCCCACATGGTCCCACTCTTCCCACA,GTTCCTGTTCCT,GGCGGC
1,GG,TT,GTTCCTG,GGCG
1,GG,TT,GTTCCTGTTCCT,GGCGGC
1,GG,TT,GTTCCTG,GGCG
1,GA,TGGTCCCACTCTTCCCACAT,GTTCCTG,GGCG
1,GG,TGGTCCCACTCTTCCCACATGGTCCCACTCTTCCCACA,GTTCCTG,GGCG
1,GG,TGGTCCCACTCTTCCCACAT,GTTCCTG,GGCG
1,GG,TGGTCCCACTCTTCCCACAT,GTTCCTGTTCCT,GGCGGC
1,GG,TT,GTTCCTG,GGCG
1,GG,TGGTCCCACTCTTCCCACAT,GTTCCTGTTCCT,GGCGGC
0,GG,TGGTCCCACTCTTCCCACATGGTCCCACTCTTCCCACA,GTTCCTG,GGCG
1,GG,TGGTCCCACTCTTCCCACAT,GTTCCTGTTCCT,GGCGGC
1,GG,TGGTCCCACTCTTCCCACATGGTCCCACTCTTCCCACA,GTTCCTGTTCCT,GGCG
0,GG,TT,GTTCCTGTTCCT,GGCGGC
0,GA,TGGTCCCACTCTTCCCACAT,GG,GG
1,GG,TT,GTTCCTGTTCCT,GGCGGC
0,GA,TGGTCCCACTCTTCCCACATGGTCCCACTCTTCCCACA,GTTCCTGTTCCT,GGCGGC
1,GG,TGGTCCCACTCTTCCCACATGGTCCCACTCTTCCCACA,GTTCCTGTTCCT,GGCGGC
0,GG,TGGTCCCACTCTTCCCACATGGTCCCACTCTTCCCACA,GG,GG
1,GG,TT,GTTCCTGTTCCT,GGCGGC
1,GG,TT,GTTCCTGTTCCT,GGCGGC
1,GG,TT,GTTCCTGTTCCT,GGCGGC
1,AA,TT,GTTCCTGTTCCT,GGCGGC
1,GG,TT,GTTCCTGTTCCT,GGCGGC
1,GA,TT,GTTCCTGTTCCT,GGCGGC
1,GG,TGGTCCCACTCTTCCCACATGGTCCCACTCTTCCCACA,GTTCCTGTTCCT,GGCGGC
1,GG,TGGTCCCACTCTTCCCACAT,GTTCCTGTTCCT,GGCGGC
1,GG,TGGTCCCACTCTTCCCACAT,GTTCCTG,GGCG
0,GG,TGGTCCCACTCTTCCCACATGGTCCCACTCTTCCCACA,GTTCCTGTTCCT,GGCGGC
0,GA,TGGTCCCACTCTTCCCACATGGTCCCACTCTTCCCACA,GTTCCTGTTCCT,GGCGGC
0,GG,TT,GTTCCTGTTCCT,GGCGGC
0,GG,TT,GG,GG
1,GA,TT,GTTCCTGTTCCT,GGCGGC
1,GG,TGGTCCCACTCTTCCCACATGGTCCCACTCTTCCCACA,GTTCCTGTTCCT,GGCGGC
0,GG,TGGTCCCACTCTTCCCACATGGTCCCACTCTTCCCACA,GTTCCTGTTCCT,GGCGGC
0,GG,TGGTCCCACTCTTCCCACAT,GTTCCTG,GGCG
1,GG,TGGTCCCACTCTTCCCACAT,GG,GG
1,GG,TT,GTTCCTGTTCCT,GGCGGC
0,GG,TGGTCCCACTCTTCCCACAT,GTTCCTGTTCCT,GGCGGC
1,GG,TGGTCCCACTCTTCCCACAT,GTTCCTGTTCCT,GGCGGC
1,GG,TGGTCCCACTCTTCCCACAT,GTTCCTGTTCCT,GGCGGC
1,GG,TGGTCCCACTCTTCCCACAT,GTTCCTGTTCCT,GGCGGC
1,GA,TT,GTTCCTGTTCCT,GGCGGC
0,GG,TT,GTTCCTG,GGCG
1,GG,TGGTCCCACTCTTCCCACAT,GTTCCTGTTCCT,GGCGGC
1,GG,TGGTCCCACTCTTCCCACAT,GTTCCTG,GGCG
1,GG,TGGTCCCACTCTTCCCACATGGTCCCACTCTTCCCACA,GTTCCTGTTCCT,GGCGGC
1,GA,TT,GTTCCTGTTCCT,GGCGGC
1,GG,TT,GTTCCTGTTCCT,GGCGGC
1,GG,TGGTCCCACTCTTCCCACAT,GTTCCTGTTCCT,GGCGGC
1,GG,TGGTCCCACTCTTCCCACATGGTCCCACTCTTCCCACA,GTTCCTG,GGCG
1,GG,TT,GTTCCTGTTCCT,GGCGGC
1,GA,TGGTCCCACTCTTCCCACATGGTCCCACTCTTCCCACA,GTTCCTG,GGCG
1,GG,TGGTCCCACTCTTCCCACATGGTCCCACTCTTCCCACA,GTTCCTGTTCCT,GGCGGC
0,GG,TGGTCCCACTCTTCCCACATGGTCCCACTCTTCCCACA,GTTCCTGTTCCT,GGCGGC
1,GG,TT,GTTCCTGTTCCT,GGCGGC
1,GG,TT,GTTCCTG,GG
1,GG,TT,GTTCCTGTTCCT,GGCGGC
1,GG,TGGTCCCACTCTTCCCACATGGTCCCACTCTTCCCACA,GTTCCTGTTCCT,GGCGGC
1,GG,TGGTCCCACTCTTCCCACAT,GTTCCTGTTCCT,GGCGGC
0,GA,TGGTCCCACTCTTCCCACAT,GTTCCTGTTCCT,GGCGGC
1,GG,TGGTCCCACTCTTCCCACAT,GTTCCTGTTCCT,GGCGGC
0,GA,TGGTCCCACTCTTCCCACATGGTCCCACTCTTCCCACA,GTTCCTGTTCCT,GGCGGC
1,GA,TGGTCCCACTCTTCCCACATGGTCCCACTCTTCCCACA,GTTCCTGTTCCT,GGCGGC
1,GG,TGGTCCCACTCTTCCCACAT,GTTCCTG,GGCG
0,GA,TT,GTTCCTGTTCCT,GGCGGC
1,GG,TT,GTTCCTGTTCCT,GGCGGC
1,GG,TGGTCCCACTCTTCCCACATGGTCCCACTCTTCCCACA,GTTCCTGTTCCT,GGCGGC
0,GA,TGGTCCCACTCTTCCCACATGGTCCCACTCTTCCCACA,GTTCCTGTTCCT,GGCGGC
1,GG,TT,GTTCCTGTTCCT,GGCGGC
0,GG,TGGTCCCACTCTTCCCACAT,GTTCCTGTTCCT,GGCGGC
1,GG,TGGTCCCACTCTTCCCACATGGTCCCACTCTTCCCACA,GTTCCTG,GGCG
1,GG,TGGTCCCACTCTTCCCACATGGTCCCACTCTTCCCACA,GTTCCTGTTCCT,GGCGGC
1,GG,TGGTCCCACTCTTCCCACATGGTCCCACTCTTCCCACA,GTTCCTGTTCCT,GGCGGC
0,GA,TGGTCCCACTCTTCCCACATGGTCCCACTCTTCCCACA,GTTCCTGTTCCT,GGCGGC
1,GG,TT,GTTCCTGTTCCT,GGCGGC
0,GA,TGGTCCCACTCTTCCCACATGGTCCCACTCTTCCCACA,GTTCCTGTTCCT,GGCGGC
1,GG,TT,GTTCCTG,GGCG
0,GG,TT,GTTCCTGTTCCT,GGCGGC
1,AA,TGGTCCCACTCTTCCCACATGGTCCCACTCTTCCCACA,GTTCCTGTTCCT,GGCGGC
1,GG,TT,GTTCCTGTTCCT,GGCGGC
1,GG,TGGTCCCACTCTTCCCACATGGTCCCACTCTTCCCACA,GTTCCTGTTCCT,GGCGGC
0,GG,TT,GTTCCTGTTCCT,GGCGGC
1,GG,TGGTCCCACTCTTCCCACATGGTCCCACTCTTCCCACA,GTTCCTGTTCCT,GGCGGC
0,GG,TT,GTTCCTGTTCCT,GGCGGC
0,GG,TT,GTTCCTGTTCCT,GGCGGC
0,GG,TT,GTTCCTGTTCCT,GGCGGC
1,GG,TT,GTTCCTGTTCCT,GGCGGC
0,GG,TGGTCCCACTCTTCCCACATGGTCCCACTCTTCCCACA,GG,GG
0,GG,TT,GG,GG
1,GG,TGGTCCCACTCTTCCCACATGGTCCCACTCTTCCCACA,GTTCCTGTTCCT,GGCGGC
0,GG,TGGTCCCACTCTTCCCACATGGTCCCACTCTTCCCACA,GTTCCTGTTCCT,GGCGGC
1,GG,TGGTCCCACTCTTCCCACAT,GTTCCTG,GGCG
1,AA,TGGTCCCACTCTTCCCACATGGTCCCACTCTTCCCACA,GTTCCTGTTCCT,GGCGGC
1,GG,TT,GTTCCTGTTCCT,GGCGGC
1,GG,TGGTCCCACTCTTCCCACAT,GTTCCTGTTCCT,GGCGGC
